ID,Product Name,Price
2f5ef1d5-a0f4-4a36-b6f9-fcc5d07b25ca,"Koduva Fish / Barramundi - Fillet(𝗚𝗿𝗼𝘀𝘀: 𝟳𝟱𝟬𝗴, 𝗡𝗲𝘁: 𝟯𝟱𝟬𝗴)",0
Net Weight:300g,"",0
-,"",0
Gross Weight :750g,"",0
Protein: 19g – 20g,"",0
Serving Size:Fillet Boneless (N: 350 - 450g, G: 750),"",0
Preparation:Freshly caught,cleaned,and descaled.Usually served as whole fish with deep lateral ""fry cuts"" to allow spices to penetrate the firm flesh.,"",0
Texture:Firm and moist with large, tender flakes and a mild, sophisticated sweetness.,"",0
Widely regarded as one of the most prestigious catches in coastal waters, Koduva (Sea Bass)is famous for its large, pearly white flakes and clean, buttery flavor. It is a favorite in both high-end dining and traditional households due to its versatility and minimal pin-bones. Freshly sourced and expertly prepped, our Koduva delivers a succulent, meaty experience that satisfies both the palate and the soul.,"",0
Koduva is an excellent source of lean protein and vital minerals, making it a powerhouse of nutrition.,"",0
Rich in Heart-Healthy Fats:Contains high concentrations of Omega-3 fatty acids, which are essential for reducing inflammation and supporting heart health.,"",0
High Protein, Low Calorie:One of the best options for muscle maintenance and weight management without excess calories.,"",0
Immune System Boost:Packed with Zinc and essential minerals that help strengthen the body’s natural defenses.,"",0
Vision & Skin Support:Contains Vitamin A and healthy fats that contribute to better eyesight and vibrant skin health.,"",0
Koduva is a ""forgiving"" fish that stays moist even under high heat. It is spectacular when Pan-Searedwith a butter-lemon-garlic glaze or cooked in a traditional Koduva Meen Kuzhambu(spicy tamarind curry). For a special occasion, try steaming it with ginger and scallions to fully appreciate its natural, buttery sweetness.","https://www.meenzy.in/product-page/koduva-fish-barramundi-fillet?utm_source=facebook&utm_medium=wix_meta_feed&utm_campaign=freelistings",0
3878af97-cea2-40fd-9c54-dc450d923c9a,"Sankara - Whole(𝗡𝗲𝘁: 𝟱𝟬𝟬𝗴) + Black Pomfret - Sliced(𝗡𝗲𝘁: 𝟱𝟬𝟬𝗴)",0
Black Pomfret -Sliced(𝗚𝗿𝗼𝘀𝘀: 𝟳𝟱𝟬𝗴, 𝗡𝗲𝘁: 𝟱𝟬𝟬𝗴),"",0
Net Weight :500g,"",0
Protein: 20g – 22g,"",0
Pieces:Approximately 3 – 6 whole fish,"",0
Protein: 18g – 19g,"",0
Pieces:Approximately 7 – 12 slices,"",0
Preparation:Freshly caught and thoroughly cleaned.,"",0
Texture:Soft, buttery, and tender,"",0
Red Snapper is a low-calorie, high-nutrient choice perfect for a balanced diet.,"",0
Black Pomfret is an excellent source of lean protein and essential vitamins that support overall wellness.,"",0
Premium seafood combo with two coastal favorites,"",0
Freshly sourced and professionally cleaned,"",0
Ideal for fish fry, curries, and grilled seafood dishes,"",0
Combines flaky tender meat with buttery texture,"",0
Rich in protein and essential nutrients,"",0
Perfect for authentic South Indian family meals,"",0
Sankara Fishtastes exceptional in spicy tamarind-based curries where its tender flesh beautifully absorbs aromatic coastal spices. Pair it with crispy shallow-fried Black Pomfretmarinated in chili powder, turmeric, garlic paste, and pepper for a complete seafood feast filled with authentic South Indian flavor and aroma.","https://www.meenzy.in/product-page/sankaraசங-கர-whole-500g-black-pomfret-slices500g?utm_source=facebook&utm_medium=wix_meta_feed&utm_campaign=freelistings",0
0bb59be8-f961-4afb-b88f-9dce198288de,"Tuna / Soorai - (𝗚𝗿𝗼𝘀𝘀: 𝟳𝟱𝟬𝗴, 𝗡𝗲𝘁: 𝟱𝟬𝟬𝗴)",0
Net Weight: 500g,"",0
Gross Weight : 750g - 800g,"",0
Protein: 22g – 25g,"",0
Serving Size: Slices - (5-10 Pieces) | Cubes - (10-25 Pieces) | Cubes Boneless - (12-25 Pieces) | Fillet Boneless - (1-2 pcs),"",0
Preparation: Freshly caught, expertly filleted, or cut into clean steaks and cubes. Bloodlines are cleanly trimmed to ensure a premium, ready-to-cook experience.,"",0
Flavor Profile: Deep, robust, and meaty with a firm, steak-like texture.,"",0
A favorite among fitness enthusiasts and lovers of hearty seafood, our Indian Tuna is sourced fresh from the deep coastal waters. Known for its solid, lean texture and rich flavor, it is the absolute perfect candidate for a fiery southern tawa fry, a slow-simmered spicy Tamil Nadu style Soorai Meen Kuzhambu, or a seasoned grilled steak.,"",0
Indian Tuna is an incredible powerhouse of pure lean protein, essential minerals, and vital energy-boosting vitamins.,"",0
Lean Protein Powerhouse: Exceptionally high in pure, top-quality protein, making it perfect for muscle growth, repair, and fitness tracking.,"",0
Heart & Brain Health: Contains natural Omega-3 fatty acids that contribute to smooth cardiovascular functions and cognitive wellness.,"",0
Metabolism & Energy: Packed with high amounts of Vitamin B12 and Vitamin B6 to fight fatigue, boost metabolism, and keep your nervous system sharp.,"",0
Mineral Rich: Naturally loaded with Selenium and Iron, which shield your immune cells and enhance overall blood circulation.,"",0
Because Tuna is incredibly lean, it cooks very quickly! To keep the steaks or cubes perfectly juicy, avoid overcooking them. Marinate with a splash of lemon juice, red chili powder, ginger-garlic paste, and a touch of fennel powder, then flash-fry or grill on high heat for just a few minutes on each side.","https://www.meenzy.in/product-page/tuna-soorai?utm_source=facebook&utm_medium=wix_meta_feed&utm_campaign=freelistings",0
35c40b14-93ff-4170-b5f8-e0bf78d5792c,"Tuna / Soorai - (𝗚𝗿𝗼𝘀𝘀: 𝟳𝟱𝟬𝗴, 𝗡𝗲𝘁: 𝟱𝟬𝟬𝗴)",0
3da30dd4-d6ca-4f29-b04e-1ead7a6c2d20,"Tuna / Soorai - (𝗚𝗿𝗼𝘀𝘀: 𝟳𝟱𝟬𝗴, 𝗡𝗲𝘁: 𝟱𝟬𝟬𝗴)",0
421787e4-798e-477d-b1c9-b123609dac57,"Tuna / Soorai - (𝗚𝗿𝗼𝘀𝘀: 𝟳𝟱𝟬𝗴, 𝗡𝗲𝘁: 𝟱𝟬𝟬𝗴)",0
71480cc8-c13f-414c-b348-2c9e3491e5a0,"Tuna / Soorai - (𝗚𝗿𝗼𝘀𝘀: 𝟳𝟱𝟬𝗴, 𝗡𝗲𝘁: 𝟱𝟬𝟬𝗴)",0
a311c82b-a480-4bb4-97c2-c22194ba15b0,"Tuna / Soorai - (𝗚𝗿𝗼𝘀𝘀: 𝟳𝟱𝟬𝗴, 𝗡𝗲𝘁: 𝟱𝟬𝟬𝗴)",0
bb13702f-ff32-435b-9d55-81621e2911c3,"Tuna / Soorai - (𝗚𝗿𝗼𝘀𝘀: 𝟳𝟱𝟬𝗴, 𝗡𝗲𝘁: 𝟱𝟬𝟬𝗴)",0
c1519237-bc6a-405c-96a5-a39154c3965f,"Tuna / Soorai - (𝗚𝗿𝗼𝘀𝘀: 𝟳𝟱𝟬𝗴, 𝗡𝗲𝘁: 𝟱𝟬𝟬𝗴)",0
311ff606-7f89-4112-8e02-07c768e9c84f,"Kadal Veraal / Cobia  - 𝗙𝗶𝗹𝗹𝗲𝘁 (𝗡: 𝟯𝟱𝟬𝗴 - 𝟰𝟬𝟬𝗴, 𝗚: 𝟴𝟱𝟬𝗴)",0
Net Weight:350g - 400g,"",0
Gross Weight :850g,"",0
Protein: 18g – 20g,"",0
Preparation:Freshly sourced, thoroughly cleaned, and cut hygienically. Available as Whole Cleaned or Curry Cut pieces.,"",0
Texture:Soft, juicy, and tender with a rich, meaty flavor profile.,"",0
Known for its rich flavor, soft flesh, and traditional coastal appeal, Kadal Veraalis a highly valued seafood choice across South India. Recognized for its smooth skin, firm body, and succulent meat, this fish is especially loved for its deep, savory taste that becomes even more flavorful when cooked in spicy gravies or rustic village-style preparations. Its tender texture and naturally juicy flesh make it ideal for hearty home-cooked seafood meals. Freshly sourced and carefully cleaned, our Kadal Veraal is prepared to deliver an authentic coastal dining experience.,"",0
Kadal Veraalis a wholesome seafood option rich in protein and essential minerals.,"",0
Provides high-quality protein essential for muscle growth, tissue repair, and overall body strength.,"",0
Naturally rich in Vitamin B12, which supports healthy nerve function and helps maintain energy levels.,"",0
Contains beneficial Omega-3 fatty acids that contribute to cardiovascular health and overall wellness.,"",0
Supplies essential minerals like Calcium and Phosphorus that help maintain strong bones and teeth.,"",0
Its rich texture and filling nature make it an excellent choice for wholesome, comforting seafood meals.,"",0
Kadal Veraalis especially popular in traditional South Indian fish curries and spicy coastal gravies. Its soft meat absorbs spices beautifully, making it perfect for a fiery tamarind-based curry or a rustic village-style fish kuzhambu. For the best flavor, cook it slowly with shallots, garlic, curry leaves, and freshly ground masalas. Since the flesh is delicate, avoid excessive stirring while cooking to help the pieces remain intact and flavorful.","https://www.meenzy.in/product-page/fillet-350g-400g-kadal-veraalகடல-வ-ர-ல?utm_source=facebook&utm_medium=wix_meta_feed&utm_campaign=freelistings",0
8d303cb3-5d6e-418e-a509-a9ff1eaa125e,"Tuna/ Soorai -𝗖𝘂𝗯𝗲𝘀 𝗕𝗼𝗻𝗲𝗹𝗲𝘀𝘀(𝗚𝗿𝗼𝘀𝘀:𝟰𝟬𝟬𝗴, 𝗡𝗲𝘁: 𝟮𝟱𝟬𝗴)",0
Net Weight: 250g,"",0
Gross Weight: 400g,"",0
Protein:22g – 25g,"",0
Serving Size:  Cubes Boneless - (6-15 Pieces),"",0
Lean Protein Powerhouse:Exceptionally high in pure, top-quality protein, making it perfect for muscle growth, repair, and fitness tracking.,"",0
Metabolism & Energy:Packed with high amounts of Vitamin B12 and Vitamin B6 to fight fatigue, boost metabolism, and keep your nervous system sharp.,"",0
30bb325e-6823-42b2-a0b0-aa6f6c20a6a5,"Tuna/ Soorai - 𝗙𝗶𝗹𝗹𝗲𝘁 (𝗚𝗿𝗼𝘀𝘀: 𝟴𝟬𝟬𝗴, 𝗡𝗲𝘁: 𝟱𝟬𝟬𝗴)",0
Gross Weight: 800g,"",0
Serving Size:  Fillet - (6-15 Pieces),"",0
50650684-27af-400e-8699-3895a06b4fe2,"Tuna /Soorai -𝗖𝘂𝗯𝗲𝘀 𝗕𝗼𝗻𝗲𝗹𝗲𝘀𝘀(𝗚𝗿𝗼𝘀𝘀:𝟳𝟱𝟬𝗴, 𝗡𝗲𝘁: 𝟱𝟬𝟬𝗴)",0
Serving Size:  Cubes Boneless (15 - 25 Pieces),"",0
2f31fc3c-56d4-4f11-b09d-0ae74903f851,"kanava / Squid-  𝗠𝗲𝗱𝗶𝘂𝗺 𝗥𝗶𝗻𝗴𝘀(𝗚𝗿𝗼𝘀𝘀: 𝟯𝟬𝟬𝗴, 𝗡𝗲𝘁: 𝟭𝟱𝟬𝗴)",0
Net Weight:150g,"",0
Gross Weight:300g,"",0
Serving Size:Ideal for 2 to 3 people,"",0
Delicately sweet, tender, and incredibly versatile, our fresh squid is a prized seafood choice sourced from clean coastal waters. Known for its soft texture and quick-cooking nature, squid transforms beautifully whether you grill, fry, sauté, or cook it in rich coastal curries.,"",0
Squid is a protein-rich, low-fat seafood that fits perfectly into a balanced, nutritious diet.,"",0
High-Quality Protein: Provides essential amino acids that support muscle growth and overall body function.,"",0
Rich in Vitamin B12:Supports brain health, red blood cell formation, and energy metabolism.,"",0
Heart-Friendly Choice :Low in fat and contains beneficial omega-3 fatty acids that support cardiovascular health.,"",0
Mineral-Rich: Contains important nutrients like potassium, phosphorus, and selenium for overall wellness.,"",0
Squid cooks very quickly—either flash-cook it for 2–3 minutesfor a tender bite or slow-cook it in a curry for a rich, soft texture.","https://www.meenzy.in/product-page/rings350-squidkanavaகணவ-ய?utm_source=facebook&utm_medium=wix_meta_feed&utm_campaign=freelistings",0
77a82b5f-7236-43bd-ab34-9f4e60b2749a,"Black Pomfret / Karu Vaval -  𝗪𝗵𝗼𝗹𝗲 (𝗚𝗿𝗼𝘀𝘀: 𝟰𝟱𝟬, 𝗡𝗲𝘁 : 𝟮𝟱𝟬𝗴)",0
Net Weight:250g-350g,"",0
Gross Weight :450g,"",0
Pieces:Single fish (Whole Cleaned).,"",0
Preparation:Freshly caught and thoroughly cleaned. Available as Whole Fish,"",0
Flavor Profile:Rich, buttery, and mildly sweet with a texture that melts in your mouth.,"",0
Highly sought after for its unique buttery flavor and tender texture, our Black Pomfret is a gourmet favorite. Sourced fresh from the Chennai coast, this flatfish is known for having a central bone structure that makes it easy to eat and perfect for sophisticated seafood dishes.,"",0
Easy to Consume:Known for having very few small bones, making it a safe and preferred choice for children and the elderly.,"",0
Brain Health:Rich in DHA and Omega-3 fatty acids, which are vital for maintaining memory and cognitive health.,"",0
Glowing Skin:The high Vitamin B12 and healthy fat content help maintain skin elasticity and a natural glow.,"",0
Heart Support:Helps in maintaining healthy blood circulation and reducing overall cholesterol.","https://www.meenzy.in/product-page/whole300g-450g-karu-vavalகர-ப-ப-வவ-வ-ல?utm_source=facebook&utm_medium=wix_meta_feed&utm_campaign=freelistings",0
df49b1f3-b264-490b-ae02-3fe014cd1048,"kanava / Squid-  𝗠𝗲𝗱𝗶𝘂𝗺 𝗥𝗶𝗻𝗴𝘀(𝗚𝗿𝗼𝘀𝘀: 𝟱𝟬𝟬𝗴, 𝗡𝗲𝘁: 𝟮𝟱𝟬𝗴)",0
Net Weight:250g,"",0
Gross Weight:500g,"",0
9346482c-cae4-4de9-bb07-eeeefebd5db7,"Anchovy / Nethili - 𝗛𝗲𝗮𝗱𝗹𝗲𝘀𝘀(𝗚𝗿𝗼𝘀𝘀: 𝟲𝟬𝟬𝗴, 𝗡𝗲𝘁: 𝟯𝟱𝟬𝗴)",0
Net Weight:350g,"",0
Gross Weight:600g,"",0
Protein: 17g – 19g,"",0
Serving Size:25-50 Pcs  Ideal for 3 to 4 people(as a side dish or appetizer).,"",0
Preparation:Sourced fresh from the Chennai coast, meticulously cleaned, and ready for the pan.,"",0
Texture:Soft and delicate, absorbing spices beautifully.,"",0
Small in size but massive in flavor, our Anchovies are a coastal delicacy sourced daily. Known for their distinct, savory taste and tender texture, these silver-scaled delights are a staple in traditional South Indian kitchens, perfect for a crispy deep fry or a tangy, spicy gravy.,"",0
Anchovies are widely regarded as a ""superfood"" due to their high concentration of essential minerals and healthy fats.,"",0
Bone Health:One of the best natural sources of Calcium and Phosphorus, essential for maintaining strong bones and teeth.,"",0
Heart Support:Rich in polyunsaturated fatty acids that help reduce inflammation and support a healthy heart.,"",0
Low Mercury:Because they are low on the food chain, anchovies have significantly lower mercury levels compared to larger fish.,"",0
Skin & Vision:High in Vitamin A and Selenium, which promote healthy skin and improve eye health.","https://www.meenzy.in/product-page/headless350g-anchovy-nethili-ந-த-த-ல?utm_source=facebook&utm_medium=wix_meta_feed&utm_campaign=freelistings",0
da0b5ded-27f2-46b7-ad12-7af7f11c8a99,"White Pomfret  - Sliced(𝗡𝗲𝘁: 𝟱𝟬𝟬𝗴) + Kanangeluthi Whole(𝗡𝗲𝘁: 𝟱𝟬𝟬𝗴)",0
White Pomfret -Sliced(𝗚𝗿𝗼𝘀𝘀: 𝟳𝟱𝟬𝗴, 𝗡𝗲𝘁: 𝟱𝟬𝟬𝗴),"",0
Net Weight:500g,"",0
Preparation:Whole fish, thoroughly cleaned and ready to cook,"",0
Texture:Soft, juicy, and richly flavorful,"",0
Indian Mackerel is one of the best sources of heart-healthy fats and essential vitamins.,"",0
White Pomfret is a nutrient-dense choice, offering lean protein and essential healthy fats.,"",0
Premium seafood combo with two authentic coastal favorites,"",0
Perfect for fish fry, curries, and traditional seafood meals,"",0
Combines buttery texture with rich savory flavor,"",0
Ideal for wholesome family-style seafood cooking,"",0
Vellai Vaval Fishtastes exceptional when lightly marinated with turmeric, pepper, garlic paste, and lemon juice before shallow frying until crisp and golden. Pair it with spicy tamarind or coconut-based curry made using Kanankeluthi Fishfor a flavorful coastal seafood meal packed with authentic South Indian aroma and taste.","https://www.meenzy.in/product-page/karu-vavalகர-ப-ப-வவ-வ-ல-slice500g-kanankeluthi-whole500g-1?utm_source=facebook&utm_medium=wix_meta_feed&utm_campaign=freelistings",0
2356b1a4-3c8a-4628-9036-3b51463c4929,"Sardine / Mathi / மத்தி / Kavala/ Chala / Whole (500g)",0
Net Weight:750g,"",0
Serving Size:(12-20 pcs) Ideal for 1 to 2 people,"",0
Preparation:Freshly sourced, expertly cleaned, and ready to cook. Available as Whole Cleaned Fish.,"",0
Texture:Soft, tender, and naturally oily with a bold, rich flavor.,"",0
Small in size but rich in flavor and nutrition, Mathi (Sardine) is a coastal favorite known for its distinct taste and soft, oily texture. Freshly sourced from clean coastal waters, this affordable yet highly nutritious fish is a staple in South Indian households and is perfect for frying, curries, or traditional preparations.,"",0
Mathi is one of the most nutrient-dense fish varieties, packed with heart-healthy fats and essential vitamins.,"",0
Rich in Omega-3 Fatty Acids: Supports heart health, reduces inflammation, and promotes brain function.,"",0
Excellent Source of Calcium: Strengthens bones and teeth, especially beneficial when consumed regularly.,"",0
Boosts Immunity: High in Vitamin D, which supports immune system function and bone health.,"",0
Affordable Superfood: Provides premium nutrition at an economical price.,"",0
Mathi tastes best when cooked fresh. Marinate with turmeric, chili powder, and saltfor a crispy pan fry, or prepare a spicy coastal-style sardine currywith tamarind and coconut for an authentic South Indian flavor.","https://www.meenzy.in/product-page/whole500g-sardinemathiமத-த-kavalachala?utm_source=facebook&utm_medium=wix_meta_feed&utm_campaign=freelistings",0
7aca2c46-d03f-485e-a4e3-535d50463f7d,"Vanjaram / வஞ்சரம் / Seer Fish / Slice half ring (500g)",0
Product Overview,"",0
Gross Weight:750g,"",0
Serving Size:4-9 PiecesIdeal for 2 to 3 people.,"",0
Cut Types:Slice Full ring,"",0
Texture:Lean, firm, and meaty with a mild, slightly sweet flavor that holds up well during cooking.,"",0
Widely celebrated as the ""Pride of the South,"" Seer Fish (Vanjaram)is perhaps the most sought-after fish in the seafood market. Known for its distinct flavor, lack of small bones, and large, meaty steaks, it is a true delicacy. Our Seer Fish is freshly sourced from the deep sea to ensure you get the firmest texture and the richest taste available.,"",0
Seer Fish is a nutritional powerhouse, especially famous for its high healthy fat content.,"",0
Ultimate Heart Health:Loaded with Omega-3 fatty acids that significantly contribute to heart health and help reduce inflammation.,"",0
High-Performance Protein:One of the best sources of lean protein for muscle growth and tissue repair.,"",0
Immune & Thyroid Support:Rich in selenium and iodine, which are crucial for a healthy metabolism and a strong immune system.,"",0
Brain Booster:The healthy fats and B-vitamins in Seer fish are essential for maintaining sharp cognitive function and mental clarity.,"",0
The classic way to enjoy Seer Fishis the iconic Vanjaram Meen Varuval(Tawa Fry)—marinate the steaks in a spicy ginger-garlic masala and shallow fry until golden brown. For a healthier option, it is also incredible when Steam-cookedor added to a tangy Tamarind-based Curry.","https://www.meenzy.in/product-page/slice-half-ring-500gvanjaram-வஞ-சரம-seer-fish?utm_source=facebook&utm_medium=wix_meta_feed&utm_campaign=freelistings",0
53da34be-4ab2-464e-a0d0-670e741d6d23,"Vanjaram / வஞ்சரம் / Seer Fish / Slice Full ring (500g)",0
Serving Size:6-15 PiecesIdeal for 2 to 3 people.,"",0
46967e5c-2d09-4cfd-8fa0-273dfb5645be,"Tiger Prawn / வரி இறால் / Cleaned & Deveined (400g)",0
Net Weight:400g,"",0
Gross Weight:800g,"",0
Serving Size:Medium 20 - 40 Pieces / Big 20- 35 Pieces,"",0
Preparation:Expertly de-veined and cleanedwhile keeping the shell on or off (per your preference). Our cleaning process ensures they are ready to cook straight from the pack.,"",0
Texture:Exceptionally firm, meaty, and ""snappy"" when cooked.,"",0
Known for their impressive size and striking tiger-like stripes, Tiger Prawns are the crown jewel of the crustacean world.Sourced from the pristine coastal backwaters, these prawns are a favorite for those who enjoy a firm, crunchy bite and a sweet, oceanic flavor.,"",0
Tiger Prawns are a fantastic low-fat protein source, packed with essential minerals.,"",0
Immunity Booster:Extremely rich in Zinc and Selenium, which are vital for a strong immune system and thyroid health.,"",0
Low Calorie:One of the leanest protein sources available, making them perfect for weight-conscious diets.,"",0
Astaxanthin Rich:The reddish pigment developed when cooked is a powerful antioxidant that supports skin health and reduces inflammation.,"",0
Quick & Easy:They cook in minutes, making them the ultimate ""fast food"" for a healthy weeknight dinner.","https://www.meenzy.in/product-page/m-cleaned-deveined-400g-tiger-prawn-வர-இற-ல?utm_source=facebook&utm_medium=wix_meta_feed&utm_campaign=freelistings",0
b1fd893d-b9ca-4a30-a2fe-bf068eb6179d,"Tiger Prawn / வரி இறால் / Cleaned & Deveined (400g)",0
4bb3dd09-094f-49fb-810a-6f0ed1ad616a,"Vanjaram / வஞ்சரம் / Seer Fish / Fillet (450g)",0
Serving Size: 10-15 PiecesIdeal for 2 to 3 people.,"",0
Cut Types:fillet,"",0
4009d201-d562-4784-b03f-0337ca4f02ca,"kanangeluthi - Whole(𝗡𝗲𝘁: 𝟱𝟬𝟬𝗴) + White Prawn Cleaned(𝗡𝗲𝘁: 𝟰𝟬𝟬𝗴)",0
White Prawn - 𝗖𝗹𝗲𝗮𝗻𝗲𝗱 𝗮𝗻𝗱 𝗱𝗲𝘃𝗲𝗶𝗻𝗲𝗱 (𝗚𝗿𝗼𝘀𝘀: 𝟴𝟬𝟬𝗴, 𝗡𝗲𝘁: 𝟰𝟬𝟬𝗴),"",0
Preparation:Hygienically cleaned and deveined,"",0
Texture:Tender, juicy, and mildly sweet,"",0
Fresh Water Prawns are an excellent source of lean protein and essential micronutrients.,"",0
Fresh seafood combo with fish and prawns,"",0
Hygienically cleaned and professionally prepared,"",0
Perfect for fish fry, curries, prawn masala, and grills,"",0
Authentic coastal flavor with ready-to-cook convenience,"",0
Ideal for family meals and seafood lovers,"",0
Ayala Fishis best enjoyed as a spicy coastal fish fry or tamarind-based curry, where its rich flesh beautifully absorbs aromatic masalas. Pair it with White Prawncooked in garlic butter roast or fiery prawn masala for a complete seafood feast. To maintain their natural texture and flavor, cook prawns only until they turn pink and tender.","https://www.meenzy.in/product-page/ayalaஅய-ல-whole-cleaned-500g-white-prawn-cleaned-deveined-400g?utm_source=facebook&utm_medium=wix_meta_feed&utm_campaign=freelistings",0
02d79d4a-3493-4a6e-9fab-27161e67328d,"Sheela / Cheela / சீலா - 𝗦𝗹𝗶𝗰𝗲𝗱(𝗚𝗿𝗼𝘀𝘀: 𝟳𝟱𝟬𝗴, 𝗡𝗲𝘁: 𝟱𝟬𝟬𝗴)",0
Serving Size:  Medium Slices (N: 500g, G: 750) (7-12 pcs),"",0
Preparation:Freshly sourced, expertly cleaned, and ready to cook.,"",0
Texture:Firm, thick, and meaty with a mildly rich, savory flavor.,"",0
Barracuda is a high-protein seafood choice with balanced healthy fats.,"",0
High in Lean Protein: Supports muscle growth, tissue repair, and overall strength.,"",0
Heart-Supporting Fats: Contains omega-3 fatty acids that help maintain cardiovascular health.,"",0
Energy and Nerve Health: Rich in Vitamin B12, which supports energy production and nervous system function.,"",0
Mineral-Rich Nutrition: Provides essential minerals like potassium that help regulate blood pressure and muscle function.,"",0
Sheela (Barracuda) steaks are perfect for a spicy masala fry. Marinate with chili, turmeric, garlic, and lemon, then pan-fry until golden for a crispy, flavorful dish. It also works beautifully in a tamarind-based fish curry.","https://www.meenzy.in/product-page/500g-cheelaseelaச-ல-barracuda?utm_source=facebook&utm_medium=wix_meta_feed&utm_campaign=freelistings",0
611831f3-f4fb-4d46-8267-2e116e535297,"Vanjaram/வஞ்சரம் - Head Curry Cut(500g) + Slices Full Ring (500g)",0
Net Weight (N):500g,"",0
Cut Type:Head pieces prepared specially for curry,"",0
Texture:Rich, juicy, and intensely flavorful,"",0
Gross Weight (G):850g,"",0
Pieces:Approximately 4 – 7 pieces,"",0
Texture:Thick, firm, and meaty,"",0
Premium Vanjaram seafood combo with curry and fry cuts,"",0
Ideal for spicy curries, fish fry, and grilled seafood recipes,"",0
Thick meaty slices with minimal bones,"",0
Perfect for authentic coastal-style family meals,"",0
Vanjaram Fishhead pieces are best slow-cooked in traditional tamarind-based curries with shallots, garlic, tomatoes, and curry leaves for a deeply aromatic coastal gravy. The full ring slices taste exceptional when marinated with chili powder, turmeric, black pepper, ginger-garlic paste, and lemon juice before shallow frying until crisp outside and juicy inside.","https://www.meenzy.in/product-page/vanjaramவஞ-சரம-head-curry-cut500g-slices-full-ring-500g?utm_source=facebook&utm_medium=wix_meta_feed&utm_campaign=freelistings",0
b4260a1c-f761-4363-a954-f56d0a0ad574,"Sankara/சங்கரா - Whole (500g) + White Prawn - Cleaned & Deveined (400g)",0
Gross Weight (G):750g,"",0
Pieces:Approximately 6 – 12 whole fish,"",0
Texture:Tender, flaky, and mildly sweet,"",0
Net Weight (N):400g,"",0
Gross Weight (G):800g,"",0
Pieces:Approximately 20 – 40 pieces,"",0
Texture:Tender, juicy, and naturally sweet,"",0
Premium seafood combo with fish and prawns,"",0
Ready-to-cook convenience for easy meal preparation,"",0
Perfect for curries, fish fry, prawn masala, and grills,"",0
Ideal for wholesome family seafood meals and special occasions,"",0
Sankara Fishtastes exceptional in spicy tamarind-based curries and crispy coastal fish fry preparations where its tender flesh beautifully absorbs aromatic spices. Pair it with garlic butter roast or Chettinad-style White Prawnmasala for a flavorful seafood spread filled with rich coastal aroma and authentic South Indian taste.","https://www.meenzy.in/product-page/sankaraசங-கர-whole-500g-white-prawn-cleaned-deveined-400g?utm_source=facebook&utm_medium=wix_meta_feed&utm_campaign=freelistings",0
208aa52e-4e9b-408d-bea9-c393f7b46e09,"Kanangeluthi /Mackerel - 𝗙𝗶𝗹𝗹𝗲𝘁 (𝗚𝗿𝗼𝘀𝘀: 𝟴𝟬𝟬𝗴, 𝗡𝗲𝘁: 𝟰𝟬𝟬𝗴)",0
Net Weight :400g,"",0
Gross Weight :800g,"",0
Pieces:Approximately 6 – 12 slices,"",0
Flavor Profile:Bold and savory with a firm,meaty texture.,"",0
A quintessential favorite across coastal India,our Indian Mackerel is sourced fresh from the morning catch.Known for its distinctively rich,oily texture and deep flavor,it is the perfect candidate for a sharp,spicy ""Bangda Fry"" or a traditional coastal curry.,"",0
Omega-3 Rich:Loaded with EPA and DHA,which are crucial for heart health and reducing inflammation.,"",0
Bone & Immune Support:One of the few natural food sources rich in Vitamin D,essential for calcium absorption and a strong immune system.,"",0
Metabolism Boost:High Vitamin B12 content helps in energy production and maintains a healthy nervous system.,"",0
Lean Protein:Provides high-quality protein necessary for muscle maintenance and repair.","https://www.meenzy.in/product-page/fillet-400g-ayalamackerel-அய-ல-kaanankeluthi?utm_source=facebook&utm_medium=wix_meta_feed&utm_campaign=freelistings",0
c1445bcd-18c9-40b4-abef-ac2506d3d775,"Sankara/சங்கரா - Whole (500g) + White Pomfret Slices(500g)",0
Texture:Soft, buttery, and delicately flaky,"",0
Premium seafood combo with two highly loved coastal varieties,"",0
Perfect for fish fry, curries, and grilled seafood recipes,"",0
Combines flaky texture with rich buttery flavor,"",0
Ideal for wholesome family meals and seafood feasts,"",0
Sankara Fishtastes exceptional in spicy tamarind-based curries where its tender flesh absorbs aromatic coastal spices beautifully. Pair it with shallow-fried White Pomfretmarinated in chili powder, turmeric, pepper, and lemon juice for a complete coastal-style seafood meal with the perfect balance of curry and fry.","https://www.meenzy.in/product-page/sankaraசங-கர-whole-500g-white-pomfret-slices500g?utm_source=facebook&utm_medium=wix_meta_feed&utm_campaign=freelistings",0
2b8d8fb2-5532-4429-aaef-27dc42fcda90,"Sankara / Red Snapper / சங்கரா மீன் / Curry Cut (500g)",0
Serving Size:Medium 6 - 14 pcs / Small 10-18 pcs,"",0
Texture:Lean, firm, and moist with a subtle, sweet nuttiness.,"",0
With its iconic vibrant color and sweet, delicate flavor, our Red Snapper is a prized catch from the Bay of Bengal. This white-fleshed fish is celebrated for its versatility, offering a moist, flaky texture that makes it the centerpiece of any premium seafood meal.,"",0
Low Calorie, High Protein:An ideal choice for weight management without sacrificing essential amino acids.,"",0
Metabolic Support:Exceptionally high in Selenium, which supports thyroid function and protects cells from free radical damage.,"",0
Blood Pressure Control:The high Potassium content helps regulate blood pressure and supports heart health.,"",0
Rich in Vitamin A:Supports healthy vision, skin, and a robust immune system.","https://www.meenzy.in/product-page/s-currycut-500gsankarared-snapper-சங-கர-ம-ன?utm_source=facebook&utm_medium=wix_meta_feed&utm_campaign=freelistings",0
d3272ce3-8049-426b-83f1-e384b13b69f4,"Sankara / Red Snapper / சங்கரா மீன் / Curry Cut (500g)",0
23a1d470-e393-4cfb-beba-184755d77a97,"White Prawn /  இறால் / 𝗖𝗹𝗲𝗮𝗻𝗲𝗱 & 𝗗𝗲𝘃𝗲𝗶𝗻𝗲𝗱  (𝗡: 𝟰𝟬𝟬𝗴)",0
Preparation:Sourced fresh and expertly de-veined and cleaned.They have a translucent,pale pinkish-white body that turns a beautiful bright pink when cooked.,"",0
Texture:Tender,succulent,and slightly softer than Tiger Prawns.,"",0
Known for their subtle sweetness and soft,delicate texture,Fresh Water Prawns are a staple in coastal households.Unlike the larger Tiger Prawns,these are prized for their thinner shells and their ability to absorb the rich flavors of spices and coconut milk,making them the perfect choice for traditional curries.,"",0
Thyroid & Metabolism Support:High in Iodine,which is essential for healthy thyroid function and regulating your body’s metabolism.,"",0
Bone Health:Packed with Phosphorus and Magnesium,minerals that work alongside calcium to keep your bones and teeth strong.,"",0
Heart Friendly:Extremely low in saturated fats and a good source of healthy cholesterol-regulating fats.,"",0
Quick Marination:Because of their delicate flesh,they marinate much faster than larger varieties,making them perfect for quick meals.","https://www.meenzy.in/product-page/m-cleaned-deveined-400gfresh-water-prawn-இற-ல?utm_source=facebook&utm_medium=wix_meta_feed&utm_campaign=freelistings",0
2a5c33ff-dd2b-4a10-b22f-34934c13c110,"White Prawn /  இறால் / 𝗖𝗹𝗲𝗮𝗻𝗲𝗱 & 𝗗𝗲𝘃𝗲𝗶𝗻𝗲𝗱  (𝗡: 𝟰𝟬𝟬𝗴)",0
fdced74a-ae93-42fe-8f3f-ed5820d76ddc,"Kadal Veraal -  Head Curry Cut (𝗡: 𝟱𝟬𝟬𝗴) + Slices Full Ring (𝗡: 𝟱𝟬𝟬𝗴)",0
Kadal Veraal - Slices Full ring(𝗚𝗿𝗼𝘀𝘀: 8𝟱𝟬𝗴, 𝗡𝗲𝘁: 𝟱𝟬𝟬𝗴),"",0
Cut Type:Head pieces specially cut for curry preparation,"",0
Cut Type:Thick full ring curry-cut slices,"",0
Texture:Soft, meaty, and tender,"",0
Premium Kadal Veraal combo for authentic coastal meals,"",0
Perfect for rich tamarind curries and spicy seafood gravies,"",0
Full ring slices provide thick, satisfying meaty portions,"",0
Head pieces enhance the curry with deep seafood flavor,"",0
Ideal for traditional South Indian family-style cooking,"",0
Kadal Veraalhead pieces create a rich and aromatic curry base when slow-cooked with tamarind, shallots, garlic, curry leaves, and freshly ground spices. Add the full ring slices toward the final stages of cooking so they remain soft, juicy, and intact while fully absorbing the flavorful coastal masala.","https://www.meenzy.in/product-page/kadal-veraalகடல-வ-ர-ல-head-curry-cut500g-slices-full-ring500g?utm_source=facebook&utm_medium=wix_meta_feed&utm_campaign=freelistings",0
c0aa74d4-cc82-4b67-ad7f-349c1b5865a5,"Vellai Vaval/கருப்பு வவ்வால் - Slice(500g) + Sankara - Whole(500g)",0
Combines buttery texture with rich coastal flavor,"",0
Perfect for wholesome family seafood meals,"",0
Vellai Vaval Fishtastes exceptional when lightly marinated with turmeric, pepper, garlic paste, and lemon juice before shallow frying until golden and crisp. Pair it with spicy tamarind-based curry prepared using Sankara Fishfor a complete coastal-style seafood feast packed with authentic South Indian flavor.","https://www.meenzy.in/product-page/vellai-vavalகர-ப-ப-வவ-வ-ல-slice500g-sankara-whole500g?utm_source=facebook&utm_medium=wix_meta_feed&utm_campaign=freelistings",0
0ae3bced-ec00-475a-8837-2b25b48c34b9,"Tuna (Yellow Fin) / kera / சூரை / கெரா / Fillet(500g)",0
Serving Size: 6-15 PiecesIdeal for 2 to 3 people.,"",0
Cut Types:Fillet Boneless,"",0
Commonly known as the ""Steak of the Sea,"" our Yellowfin Tuna is sourced fresh from the deep coastal waters off Chennai. Renowned for its deep red color and firm, meaty texture, it is a versatile choice for those who prefer a hearty, high-protein seafood experience.,"",0
Yellowfin Tuna is famous among fitness enthusiasts for being one of the leanest sources of high-quality protein available.,"",0
Ultra-High Protein:Contains significantly more protein per gram than most poultry or red meats, making it perfect for muscle growth and weight management.,"",0
Heart Health:Rich in Omega-3 fatty acids which help lower blood pressure and reduce the risk of heart disease.,"",0
Mood & Brain Support:High levels of Vitamin B12 and Selenium help improve cognitive function and reduce stress.,"",0
Very Lean:Extremely low in fat and carbohydrates, ideal for keto and paleo diets.","https://www.meenzy.in/product-page/fillet500gtuna-yellow-fin-keraச-ர-க-ர?utm_source=facebook&utm_medium=wix_meta_feed&utm_campaign=freelistings",0
4527a17f-b8ef-4b6e-8602-bb6761b153ed,"Vanjaram/வஞ்சரம் - Head Curry Cut(500g) + Slices Half Ring (500g)",0
Cut Type:Head pieces specially prepared for curry,"",0
Texture:Rich, juicy, and deeply flavorful,"",0
Pieces:Approximately 5 – 9 pieces,"",0
Premium Vanjaram combo with curry cut and fry slices,"",0
Ideal for spicy curries, fish fry, and grilled seafood dishes,"",0
Thick meaty texture with minimal bones,"",0
Perfect for authentic South Indian seafood meals,"",0
Vanjaram Fishhead pieces create a deeply flavorful curry when slow-cooked with tamarind, shallots, garlic, tomatoes, and freshly ground coastal spices. The half ring slices are best marinated with chili powder, turmeric, pepper, ginger-garlic paste, and lemon juice before shallow frying until golden and crisp outside while remaining juicy inside.","https://www.meenzy.in/product-page/vanjaramவஞ-சரம-head-curry-cut500g-slices-half-ring-500g?utm_source=facebook&utm_medium=wix_meta_feed&utm_campaign=freelistings",0
31d2ec60-a4d9-4207-8caa-2bb581f55391,"Sheela - Sliced(𝗡𝗲𝘁 : 𝟱𝟬𝟬𝗴) + White Prawn- Cleaned (𝗡𝗲𝘁 : 𝟰𝟬𝟬𝗴)",0
White Prawn -𝗖𝗹𝗲𝗮𝗻𝗲𝗱 𝗮𝗻𝗱 𝗱𝗲𝘃𝗲𝗶𝗻𝗲𝗱 (𝗚𝗿𝗼𝘀𝘀: 𝟴𝟬𝟬𝗴, 𝗡𝗲𝘁: 𝟰𝟬𝟬𝗴),"",0
Serving Size: Slices (N: 500g, G: 750) (8-15 pcs),"",0
Perfect for fry, curry, grill, and masala dishes,"",0
Ideal for family seafood meals and special occasions,"",0
Sheela Fishis best pan-fried with a spicy marinade of chili powder, turmeric, garlic, and lemon juice for a crispy coastal-style fish fry. Meanwhile, White Prawntastes exceptional in buttery garlic roast, spicy prawn masala, or coconut-based curries. Cook prawns only until they turn pink and tender to preserve their natural sweetness and juicy texture.","https://www.meenzy.in/product-page/sheelaச-ல-sliced500g-white-prawn-cleaned-deveined400g?utm_source=facebook&utm_medium=wix_meta_feed&utm_campaign=freelistings",0
2075b01e-75cd-4fd6-86c6-ba7a9a433353,"Vella Vaval/கருப்பு வவ்வால் - Slice(500g) + White Prawn - Cleaned&Deveined(500g)",0
Perfect for fish fry, prawn roast, curries, and grills,"",0
Vellai Vaval Fishtastes best when lightly marinated with turmeric, pepper, garlic paste, and lemon juice before shallow frying until crisp and golden. Pair it with spicy garlic butter or Chettinad-style White Prawnmasala for a flavorful seafood spread bursting with authentic coastal aroma and taste.","https://www.meenzy.in/product-page/vella-vavalகர-ப-ப-வவ-வ-ல-slice500g-white-prawn-cleaneddeveined500g?utm_source=facebook&utm_medium=wix_meta_feed&utm_campaign=freelistings",0
7123a6f3-2024-4a0c-8160-f08d4ba57ba3,"Sheela - Sliced(𝗡𝗲𝘁: 𝟱𝟬𝟬𝗴) + Sankara - Whole(𝗡𝗲𝘁: 𝟱𝟬𝟬𝗴)",0
Sankara -Whole(𝗚𝗿𝗼𝘀𝘀: 𝟳𝟱𝟬𝗴, 𝗡𝗲𝘁: 𝟱𝟬𝟬𝗴),"",0
Premium-quality fresh Sheela & Sankara fish combo,"",0
Perfect balance of thick slices and whole fish cooking options,"",0
Ideal for fish fry, curries, grilling, and coastal-style recipes,"",0
Rich flavor, tender texture, and minimal wastage,"",0
Suitable for 3 to 5 people,"",0
Sheela Fishis excellent for spicy tawa fry and grilled seafood preparations due to its thick, firm flesh and minimal bones. Meanwhile, Sankara Fishshines beautifully in traditional South Indian fish curries, where its tender meat absorbs rich coastal spices and tamarind flavors perfectly. Pair both together for a complete seafood feast with the best of fry and curry experiences.","https://www.meenzy.in/product-page/sheelaச-ல-sliced500g-sankara-whole-500g?utm_source=facebook&utm_medium=wix_meta_feed&utm_campaign=freelistings",0
f6871a39-d81a-4194-962c-5088e15af317,"Kanangeluthi / Mackerel -  𝗪𝗵𝗼𝗹𝗲 (𝗚𝗿𝗼𝘀𝘀: 𝟳𝟱𝟬𝗴, 𝗡𝗲𝘁: 𝟱𝟬𝟬𝗴)",0
Pieces:Whole - (5-8 pcs)  .,"",0
fe268da0-7fb8-4f72-a476-39c6ac307227,"Kadal Veraal - Head Curry Cut (𝗡: 𝟱𝟬𝟬𝗴) + Slices Half ring (𝗡: 𝟱𝟬𝟬𝗴)",0
Kadal Veraal - Slices Half ring(𝗚𝗿𝗼𝘀𝘀: 8𝟱𝟬𝗴, 𝗡𝗲𝘁: 𝟱𝟬𝟬𝗴),"",0
Cut Type:Head pieces cut for curry preparation,"",0
Texture:Rich, gelatinous, and deeply flavorful,"",0
Cut Type:Thick curry-cut slices,"",0
Texture:Soft, juicy, and tender,"",0
Premium Kadal Veraal combo for authentic coastal cooking,"",0
Freshly sourced and hygienically cleaned,"",0
Perfect for rich fish curries and spicy seafood gravies,"",0
Head pieces add depth and natural seafood richness,"",0
Tender slices absorb masalas beautifully,"",0
Ideal for wholesome family-style meals,"",0
Kadal Veraalhead pieces are best slow-cooked in tamarind-based curries with shallots, garlic, tomatoes, and freshly ground spices to create a deeply flavorful coastal gravy. Pair the curry with the tender sliced pieces cooked gently in the same masala for a complete seafood feast rich in aroma, texture, and authentic South Indian taste.","https://www.meenzy.in/product-page/kadal-veraalகடல-வ-ர-ல-head-curry-cut500g-kadal-veraal-slices-500g?utm_source=facebook&utm_medium=wix_meta_feed&utm_campaign=freelistings",0
05dcaf2e-10f4-4086-adbf-4dbd5fab9b68,"Kadal Veraal / Cobia -  𝗦𝗹𝗶𝗰𝗲𝗱(𝗚𝗿𝗼𝘀𝘀: 𝟴𝟱𝟬𝗴, 𝗡𝗲𝘁: 𝟱𝟬𝟬𝗴)",0
2b155c42-42c5-49bd-b3ad-6b8f6398462a,"Tuna (Yellow Fin) / kera / சூரை/ கெரா / Cubes (250g)",0
Gross Weight:400g,"",0
Cut Types:Cubes,"",0
e0831f21-ccab-4163-ad6f-6fa43fb5f4e4,"Tuna (Yellow Fin) / kera / சூரை/ கெரா / Cubes (250g)",0
b7edbbc5-1418-4de7-abb7-32c55ca9a847,"Sheela - Sliced(𝗡𝗲𝘁: 𝟱𝟬𝟬𝗴) + Kanangeluthi - Whole(𝗡𝗲𝘁: 𝟱𝟬𝟬𝗴)",0
Kanangeluthi -Whole(𝗚𝗿𝗼𝘀𝘀: 𝟳𝟱𝟬𝗴, 𝗡𝗲𝘁: 𝟱𝟬𝟬𝗴),"",0
Pieces:Approximately 5 – 8 whole fish,"",0
Fresh premium seafood combo with two distinct flavors,"",0
Perfect for both fish fry and traditional curries,"",0
Rich in protein and coastal freshness,"",0
Minimal bones with satisfying texture and taste,"",0
Ideal for wholesome family meals,"",0
Sheela Fishtastes exceptional when marinated with chili powder, turmeric, black pepper, and lemon juice before shallow frying until golden and crisp. On the other hand, Kanageluthi Fishis best slow-cooked in spicy tamarind or coconut-based curries, where its tender flesh beautifully absorbs aromatic South Indian spices. Together, this combo creates the perfect balance of crispy seafood fry and comforting coastal curry.","https://www.meenzy.in/product-page/sheelaச-ல-sliced500g-kanankeluthi-whole-500g?utm_source=facebook&utm_medium=wix_meta_feed&utm_campaign=freelistings",0
0590263f-da57-4639-9490-3b1c5998b9b7,"Parla Fish / பர்லா மீன் / Fillet (450g - 500g)",0
Net Weight: 450 - 500g,"",0
Texture:Soft, juicy, and moderately oily with a rich seafood flavor profile.,"",0
Widely loved for its bold flavor, rich oil content, and tender meat, Parla Fishis a staple seafood favorite across South Indian coastal kitchens. Recognized for its silvery body and naturally flavorful flesh, this fish is especially popular in spicy curries and traditional fish fry preparations. Its juicy texture and rich taste make it highly satisfying, while its nutritional value makes it a wholesome choice for everyday seafood meals. Freshly sourced and hygienically cleaned, our Parla Fish is ready to bring authentic coastal flavor to your table.,"",0
Parla Fishis a highly nutritious seafood choice rich in healthy fats, protein, and essential vitamins.,"",0
Packed with heart-friendly Omega-3 fatty acids that help support cardiovascular and brain health.,"",0
Provides excellent protein essential for muscle maintenance, body repair, and daily nutrition.,"",0
Naturally rich in Vitamin D, which helps strengthen bones and supports immune health.,"",0
Contains high levels of Vitamin B12 that contribute to healthy nerve function and energy production.,"",0
Its naturally rich and oily texture makes it a deeply satisfying seafood option for wholesome meals.,"",0
Parla Fishis best enjoyed in spicy tamarind-based curries and crispy coastal-style fish fry. Its rich flesh absorbs masalas beautifully, especially marinades made with chili powder, turmeric, garlic, and black pepper. Shallow fry until golden and crisp for maximum flavor, or simmer gently in traditional fish kuzhambu for a deeply aromatic coastal meal.","https://www.meenzy.in/product-page/fillet-450g-500g-parla-fishபர-ல-ம-ன?utm_source=facebook&utm_medium=wix_meta_feed&utm_campaign=freelistings",0
c22f3691-c0f8-496e-8c9d-b9a37d38de1b,"Kadal Veraal - Sliced(𝗡𝗲𝘁: 𝟱𝟬𝟬𝗴) + Sankara - Whole(𝗡𝗲𝘁: 𝟱𝟬𝟬𝗴)",0
Pieces:Approximately 4 – 7 whole fish,"",0
Texture:Flaky, mildly sweet, and flavorful,"",0
Freshly sourced and hygienically prepared,"",0
Perfect for curries, fish fry, and traditional seafood meals,"",0
Combines tender texture with rich coastal flavor,"",0
Ideal for family-style seafood cooking,"",0
Kadal Veraalis excellent for spicy tamarind-based fish curries where its soft flesh absorbs aromatic masalas beautifully. Pair it with crispy fried or lightly simmered Sankara Fishfor a balanced seafood feast featuring both rich gravy flavors and delicate flaky texture. Slow cooking with shallots, garlic, curry leaves, and freshly ground spices enhances the authentic coastal taste of this combo.","https://www.meenzy.in/product-page/kadal-veraalகடல-வ-ர-ல-slices-500g-sankara-whole500g?utm_source=facebook&utm_medium=wix_meta_feed&utm_campaign=freelistings",0
eb1dda64-1ec9-4b4e-a522-0b4afc7df83c,"Vanjaram / வஞ்சரம் / Seer Fish / Cubes (500g)",0
Serving Size:10-15 PiecesIdeal for 2 to 3 people.,"",0
Cut Types:cubes,"",0
24360ebf-6d8d-4e1e-9493-2b4570659e60,"Black Pomfret - Sliced(𝗡𝗲𝘁: 𝟱𝟬𝟬𝗴) + Kanangeluthi- Whole(𝗡𝗲𝘁: 𝟱𝟬𝟬𝗴)",0
Black Pomfret -Sliced (𝗚𝗿𝗼𝘀𝘀: 𝟳𝟱𝟬𝗴, 𝗡𝗲𝘁: 𝟱𝟬𝟬𝗴),"",0
Ideal for spicy fish fry and traditional seafood curries,"",0
Combines buttery texture with deep savory flavor,"",0
Perfect for wholesome family-style seafood meals,"",0
Karu Vaval Fishis best shallow fried with chili powder, turmeric, garlic paste, and pepper for a crispy outer layer and buttery-soft center. Pair it with spicy tamarind or coconut-based curry made using Kanankeluthi Fishfor a flavorful coastal-style meal packed with rich aroma and authentic South Indian taste.","https://www.meenzy.in/product-page/karu-vavalகர-ப-ப-வவ-வ-ல-slice500g-kanankeluthi-whole500g?utm_source=facebook&utm_medium=wix_meta_feed&utm_campaign=freelistings",0
38bb4931-34a5-4392-80cf-aceb2a88187e,"Red Tiger Prawn / வரி இறால் / M-Cleaned & Deveined (400g)",0
Serving Size:(20-40 pcs),"",0
abd67a19-894e-4c2d-888f-5899cfb8dd9c,"Black Pomfret - Sliced(𝗡𝗲𝘁: 𝟱𝟬𝟬𝗴) + Sankara - Whole(𝗡𝗲𝘁: 𝟱𝟬𝟬𝗴)",0
Ideal for fish fry, curries, and coastal-style recipes,"",0
Combines soft buttery texture with flaky tender meat,"",0
Suitable for wholesome family meals and seafood feasts,"",0
Karu Vaval Fishtastes exceptional when shallow fried with a spicy marinade of chili powder, turmeric, garlic paste, and black pepper until crisp on the outside and buttery inside. Pair it with a tangy tamarind-based curry made using Sankara Fishfor the perfect balance of crispy seafood fry and rich coastal gravy.","https://www.meenzy.in/product-page/karu-vavalகர-ப-ப-வவ-வ-ல-slice500g-sankara-whole500g?utm_source=facebook&utm_medium=wix_meta_feed&utm_campaign=freelistings",0
1b56e63a-06bb-49c4-adbd-51497e7bc114,"Kaala / Indian Salmon - (𝗚𝗿𝗼𝘀𝘀: 𝟳𝟬𝟬𝗴, 𝗡𝗲𝘁: 𝟱𝟬𝟬𝗴)",0
Gross Weight : 700g,"",0
Protein: 19g – 22g,"",0
Serving Size: Medium Slices (6-10 pcs),"",0
Preparation: Freshly caught, descaled, gilled, and gutted. .,"",0
Flavor Profile: Mild, subtly sweet, and buttery with a firm, large-flaked texture.,"",0
A prized delicacy across premium seafood markets in India, our Indian Salmon (Rawas) is sourced fresh from the morning landings. Celebrated for its elegant, non-fishy flavor profile and succulent flesh, it serves as the ultimate choice for a classic continental pan-sear, a rich tawa fry, or a velvety coastal coconut curry.,"",0
Indian Salmon is an exceptional source of high-quality lean protein, healthy fats, and vital minerals.,"",0
Omega-3 Rich: Packed with essential fatty acids that support optimal brain function and cardiovascular health.,"",0
Bone & Immune Support: A fantastic natural source of Vitamin D, which aids calcium absorption for stronger bones and a robust immune response.,"",0
Metabolism Boost: Rich in Vitamin B12 and Vitamin B6 to assist in healthy red blood cell formation and efficient energy metabolism.,"",0
Lean Protein: Provides a highly bioavailable, complete protein profile necessary for cellular repair and muscle tissue maintenance.,"",0
Indian Salmon has a beautiful structural flake that absorbs marinades cleanly. Keep it simple—coat with lemon juice, cracked black pepper, sea salt, and a touch of garlic butter, then pan-sear skin-side down first to lock in the natural juices!","https://www.meenzy.in/product-page/kaala-indian-salmon?utm_source=facebook&utm_medium=wix_meta_feed&utm_campaign=freelistings",0
312407fb-6ac3-41ea-b087-24bef72c15cb,"Kaala / Indian Salmon - (𝗚𝗿𝗼𝘀𝘀: 𝟳𝟬𝟬𝗴, 𝗡𝗲𝘁: 𝟱𝟬𝟬𝗴)",0
493979ba-e721-47f4-8571-c3d3d4db3b17,"Kaala / Indian Salmon - (𝗚𝗿𝗼𝘀𝘀: 𝟳𝟬𝟬𝗴, 𝗡𝗲𝘁: 𝟱𝟬𝟬𝗴)",0
7c8dad9f-ae47-4a63-9eb9-f8d1d7719252,"Kaala / Indian Salmon - (𝗚𝗿𝗼𝘀𝘀: 𝟳𝟬𝟬𝗴, 𝗡𝗲𝘁: 𝟱𝟬𝟬𝗴)",0
af441353-c56a-4bb6-b32c-bd6f2839f341,"Kaala / Indian Salmon - (𝗚𝗿𝗼𝘀𝘀: 𝟳𝟬𝟬𝗴, 𝗡𝗲𝘁: 𝟱𝟬𝟬𝗴)",0
fb74edb6-92c3-462a-8ad7-0f289e4528f3,"Kaala / Indian Salmon - (𝗚𝗿𝗼𝘀𝘀: 𝟳𝟬𝟬𝗴, 𝗡𝗲𝘁: 𝟱𝟬𝟬𝗴)",0
066d989f-7360-431f-bd5e-9691d7acbdfc,"Parla Fish/பர்லா மீன்",0
Preparation:Freshly sourced, descaled, and thoroughly cleaned. Available as Whole Cleaned or Curry Cut pieces.,"",0
2a943a1e-ad2e-44fd-bc2a-1c3014e822af,"Parla Fish/பர்லா மீன்",0
379f1d5f-bf80-42b0-ac4b-032c47220f67,"Parla Fish/பர்லா மீன்",0
4708ad28-3fb6-45de-b4d9-e0aa4c9297da,"Parla Fish/பர்லா மீன்",0
5307093f-84ad-4a8a-b264-590f917bbcdc,"Parla Fish/பர்லா மீன்",0
8b0113c0-9dbc-453c-a8f5-2f99541e4f5b,"Parla Fish/பர்லா மீன்",0
96168a2c-97c2-4049-b64b-a1ff7ef84232,"Parla Fish/பர்லா மீன்",0
a2bfee5b-ed87-42e1-86ed-21bc5f5748d9,"Parla Fish/பர்லா மீன்",0
4b48daa9-4f47-4f70-8716-e8c10fdc1173,"Sankara/சங்கரா - Whole (500g) + Vanjaram Slices (500g)",0
Pieces:Approximately 4 – 8 slices,"",0
Premium seafood combo with two highly loved coastal fish varieties,"",0
Ideal for curries, fish fry, grilling, and seafood feasts,"",0
Combines flaky tender meat with thick premium slices,"",0
Perfect for wholesome family-style seafood cooking,"",0
Vanjaram Fishtastes exceptional when marinated with chili powder, turmeric, ginger-garlic paste, black pepper, and lemon juice before shallow frying until golden and crisp. Pair it with tangy tamarind-based curry prepared using Sankara Fishfor a complete coastal seafood meal packed with authentic South Indian flavors and aromas.","https://www.meenzy.in/product-page/sankaraசங-கர-whole-500g-vanjaram-slices-500g?utm_source=facebook&utm_medium=wix_meta_feed&utm_campaign=freelistings",0
d99c58a2-00b0-49f1-8712-59e561bf6add,"Sankara / Red Snapper / சங்கரா மீன் / Whole (500g)",0
Serving Size:Medium 3 - 6 pcs / Small 6 - 12  pcs,"",0
d9db174c-7a5c-4bc5-b6c0-35f59b3e27d4,"Sankara / Red Snapper / சங்கரா மீன் / Whole (500g)",0
b8c34825-e556-4aa3-9a0a-6d4dcd99b4c9,"Parla Fish / பர்லா மீன் / Finger cut Boneless (350g)",0
Net Weight: 350g,"",0
Gross Weight: 600g,"",0
Serving Size:15-35 pcs,"",0
4ccfcde8-d46f-4110-8f1d-ed81eb1fd215,"Kadal Veraal-  Sliced(𝗡𝗲𝘁: 𝟱𝟬𝟬𝗴) +  Kanangeluthi- Whole(𝗡𝗲𝘁: 𝟱𝟬𝟬𝗴)",0
Texture:Soft, juicy, and flavorful,"",0
Premium combo featuring two traditional coastal favorites,"",0
Ideal for spicy curries and rustic seafood dishes,"",0
Soft, flavorful flesh that absorbs masalas beautifully,"",0
Kadal Veraaltastes exceptional in spicy tamarind-based curries with shallots, garlic, and curry leaves, while Kanankeluthi Fishpairs beautifully with pepper-rich masala gravies and coconut-based coastal recipes. Slow cooking both fish varieties helps enhance their rich seafood flavor and allows the spices to deeply infuse into the tender flesh.","https://www.meenzy.in/product-page/kadal-veraalகடல-வ-ர-ல-slices500g-kanankeluthi-whole500g?utm_source=facebook&utm_medium=wix_meta_feed&utm_campaign=freelistings",0
b91d0851-07bd-492d-b419-5c64b23c9277,"Black Pomfret- Sliced(𝗡𝗲𝘁: 𝟱𝟬𝟬𝗴) + White Prawn- Cleaned(𝗡𝗲𝘁: 𝟰𝟬𝟬𝗴)",0
Karu Vaval Fishtastes exceptional when marinated with chili powder, turmeric, garlic paste, and black pepper before shallow frying until crisp and golden. Pair it with spicy garlic butter or Chettinad-style White Prawnmasala for a complete coastal seafood feast bursting with flavor and aroma.","https://www.meenzy.in/product-page/karu-vavalகர-ப-ப-வவ-வ-ல-slice500g-white-prawn-cleaneddeveined500g?utm_source=facebook&utm_medium=wix_meta_feed&utm_campaign=freelistings",0
55a436b9-3079-4c5b-b6fe-54c2ab7c88e9,"Naaku fish / Halibut - 𝗙𝗶𝗹𝗹𝗲𝘁(𝗚𝗿𝗼𝘀𝘀: 𝟴𝟱𝟬𝗴, 𝗡𝗲𝘁: 𝟯𝟱𝟬𝗴)",0
Net Weight:350-400g,"",0
Gross Weight:850g,"",0
Serving Size:Fillet Boneless(350 - 400g G: 850),"",0
Preparation:Freshly sourced, skin expertly removed, and thoroughly cleaned. Available as Whole Cleaned (Skinless) or delicate Fillets.,"",0
Texture:Fine-grained, soft, and lean with a very mild, sweet flavor.,"",0
Highly sought after for its delicate profile and unique shape, Naaku Meen(also known as Sole or Tongue Fish) is a true delicacy for those who prefer refined textures. Known for its signature flat appearance, this fish offers lean, white meat that is remarkably tender and mild. Because it has very few bones and a subtle flavor, it is an excellent choice for children and gourmet seafood lovers alike.,"",0
Naaku Meen is one of the lightest seafood options, making it perfect for weight-conscious and healthy eating.,"",0
Ultra-Lean Protein:One of the lowest-calorie fish options, providing high-quality protein without the fat.,"",0
Easy to Digest:The soft, fine texture makes it very gentle on the stomach and a great choice for all ages.,"",0
Supports Thyroid Health:Naturally rich in Iodine, which is essential for maintaining a healthy metabolism and thyroid function.,"",0
Low Mercury Content:Generally considered a safer, low-mercury choice for regular consumption.,"",0
Naaku Meen is best prepared with simple flavors so its delicate taste isn't overwhelmed. It is perfect for Butter-Garlic Pan Searingor a Crispy Rava Fry. In traditional kitchens, it is often used in a Light Ginger-Tamarind Gravy. Be careful not to overcook—since it is very thin, it cooks incredibly fast, usually needing only a few minutes per side!","https://www.meenzy.in/product-page/500g-naaku-meenந-க-க-ம-ன?utm_source=facebook&utm_medium=wix_meta_feed&utm_campaign=freelistings",0
e3d16df6-e7fe-4fad-b3dd-f291785ae21c,"Maduvai/மடவை மீன்",0
Preparation:Freshly sourced, descaled, and thoroughly cleaned. Available as Whole Cleaned or Neat Curry Cuts.,"",0
Texture:Firm, slightly oily, and flaky with a robust, nutty flavor.,"",0
Maduvai is an excellent source of essential fatty acids and minerals, perfect for a heart-healthy diet.,"",0
Heart & Brain Health:Exceptionally high in Omega-3 fatty acids, which help lower blood pressure and improve cognitive function.,"",0
Energy Metabolism:Rich in Vitamin B6 and Niacin, which are crucial for converting food into energy and maintaining healthy skin.,"",0
Rich in Essential Minerals:Contains significant amounts of iodine and selenium, supporting thyroid function and antioxidant defense.,"",0
Healthy Fats:The natural oils in Maduvai provide a satisfying meal while supporting joint and cardiovascular health.,"",0
Maduvai is best enjoyed when its natural oils are allowed to shine. It is perfect for a Spicy Masala Frywhere the firm skin gets beautifully crisp. Alternatively, use it in a Village-Style Fish Curry(Grama Meen Kuzhambu)—the oils from the fish will blend with the tamarind and spices to create a rich, deeply flavored gravy.","https://www.meenzy.in/product-page/maduvaiமடவ-ம-ன?utm_source=facebook&utm_medium=wix_meta_feed&utm_campaign=freelistings",0
681013cc-ba35-4cfd-ae3f-02dd763f5bd2,"Maduvai/மடவை மீன்",0
a3a39754-caad-40b6-98c6-6f079a551247,"Maduvai/மடவை மீன்",0
c626b964-8b7b-4de6-a1ae-c8ff0fa2b932,"Maduvai/மடவை மீன்",0
8679c750-b64e-4045-9f05-e64afb61828c,"Neer Sudumbu / False Trevally - (𝗚𝗿𝗼𝘀𝘀: 𝟳𝟬𝟬𝗴, 𝗡𝗲𝘁: 𝟱𝟬𝟬𝗴)",0
Gross Weight :700g,"",0
Serving Size:2 cut pcs (12-20 Pieces) , Whole - (7-15 pcs)  .,"",0
Preparation:Freshly sourced, descaled, and thoroughly cleaned. Available as Whole Cleaned (ideal for frying) or Curry Cut pieces.,"",0
Texture:Soft, tender, and flaky with a light, subtle sweetness.,"",0
Loved for its naturally pinkish hue and delicate sweetness, Neer Sudumbu(also known as Threadfin Bream or Pink Perch) is a cherished favorite in coastal households. It is widely recognized for its tender, white flesh that breaks into soft, juicy flakes when cooked. Freshly sourced and cleaned with care, our Neer Sudumbu offers a mild and clean flavor, making it a versatile choice for a variety of traditional and modern seafood recipes.,"",0
Neer Sudumbu is a fantastic source of lean protein and essential minerals, perfect for maintaining a light and healthy diet.,"",0
Lean Muscle Growth:Provides high-quality protein while being naturally low in calories and fat.,"",0
Boosts Energy Levels:A great source of Iron, which helps in maintaining healthy hemoglobin levels and fighting fatigue.,"",0
Promotes Bone Health:Contains essential minerals like Calcium and Phosphorus that support strong bones and teeth.,"",0
Quick Cooking & Versatile:Because it is lean and tender, it cooks quickly, retaining its nutrients and natural moisture.,"",0
Neer Sudumbu is a star when it comes to Tawa Frying. Marinate it with a dash of lemon, turmeric, and red chili powder for a simple yet delicious meal. It also pairs wonderfully with Coconut-based South Indian Gravies, where it absorbs the aromatics of curry leaves and small onions without losing its delicate texture. Avoid heavy stirring in the curry to keep the tender flakes intact!","https://www.meenzy.in/product-page/neer-sudumbuந-ர-ச-ட-ம-ப?utm_source=facebook&utm_medium=wix_meta_feed&utm_campaign=freelistings",0
a92d74b3-5305-475a-87b0-b6d0c70647d7,"Neer Sudumbu / False Trevally - (𝗚𝗿𝗼𝘀𝘀: 𝟳𝟬𝟬𝗴, 𝗡𝗲𝘁: 𝟱𝟬𝟬𝗴)",0
d9cacffe-4960-4b62-96ef-ed01fecc031f,"Neer Sudumbu / False Trevally - (𝗚𝗿𝗼𝘀𝘀: 𝟳𝟬𝟬𝗴, 𝗡𝗲𝘁: 𝟱𝟬𝟬𝗴)",0
e2aa3179-8235-48bb-adff-bf5ef932352a,"Neer Sudumbu / False Trevally - (𝗚𝗿𝗼𝘀𝘀: 𝟳𝟬𝟬𝗴, 𝗡𝗲𝘁: 𝟱𝟬𝟬𝗴)",0
319f93d1-2fc2-460a-acb2-53ceb57e7b26,"Thenga Paarai/தேங்காய் பாறை",0
Serving Size:Ideal for 2 to 4 people,"",0
Preparation:Freshly sourced, descaled, and hygienically cleaned. Available as Whole Cleaned, Steak Cut, or Curry Cut pieces.,"",0
Texture:Firm, moderately meaty, and flaky with a rich savory flavor profile.,"",0
Thenga Paarai Fishis a nutritious seafood choice packed with lean protein and essential minerals.,"",0
An excellent source of high-quality protein that supports muscle health, recovery, and daily nutrition.,"",0
Contains beneficial Omega-3 fatty acids that contribute to cardiovascular wellness and overall health.,"",0
Naturally provides Vitamin B12, which helps support healthy nerve function and energy production.,"",0
Rich in Potassium, helping support muscle function and maintain healthy fluid balance in the body.,"",0
Its meaty texture and rich flavor make it a filling and wholesome option for seafood lovers.,"",0
Thenga Paarai Fishis best enjoyed as a spicy fish fry or thick coastal-style curry. Its firm flesh absorbs marinades exceptionally well without breaking apart during cooking. Marinate with red chili powder, turmeric, black pepper, ginger-garlic paste, and lemon juice before shallow frying for a crispy outer layer and juicy interior. It also performs beautifully in roasted and grilled seafood preparations with smoky spices and curry leaves.","https://www.meenzy.in/product-page/thenga-paaraiத-ங-க-ய-ப-ற?utm_source=facebook&utm_medium=wix_meta_feed&utm_campaign=freelistings",0
4952d1d4-455c-478f-a3ea-42982c2c8b2d,"Thenga Paarai/தேங்காய் பாறை",0
5956a081-2e1f-47f0-b9c2-126efd4b5369,"Thenga Paarai/தேங்காய் பாறை",0
856224f9-de08-437a-94da-80c14643d7ca,"Thenga Paarai/தேங்காய் பாறை",0
9f135384-616f-4a01-bbb1-543492090ea7,"Thenga Paarai/தேங்காய் பாறை",0
acf369d5-7402-4886-b7a8-166b9af38c59,"Thenga Paarai/தேங்காய் பாறை",0
1b4e6ec9-f994-44ff-bb2b-535334432aa7,"Vellai Vaval / வெள்ளை வவ்வால்/ White Pomfret",0
Price:₹ 900 per kg,"",0
Serving Size:Ideal for 3 to 4 people,"",0
Preparation:Freshly sourced, expertly cleaned, and scales removed. Available as Whole Cleaned(perfect for stuffing/frying) or Diamond-Cut Steaks.,"",0
Texture:Tender, flaky, and exceptionally smooth with a mild, sweet savory finish.,"",0
Heart Health:Rich in Omega-3 fatty acids, which help maintain healthy cholesterol levels and support cardiovascular function.,"",0
Brain & Vision Support:High levels of Vitamin D and essential fatty acids contribute to cognitive health and eye function.,"",0
Lean Protein Source:Excellent for muscle maintenance and weight management due to its low-calorie, high-protein nature.,"",0
Easy to Digest:The soft, fine texture makes it a perfect nutritious option for both children and elders.,"",0
White Pomfret is best showcased when Pan-Friedwith a light dusting of turmeric and chili or Steamedwith ginger and soy sauce to preserve its natural sweetness. For a traditional touch, try it in a creamy coconut-based Vaval Meen Kuzhambu.","https://www.meenzy.in/product-page/vellai-vaval-வ-ள-ள-வவ-வ-ல-white-pomfret?utm_source=facebook&utm_medium=wix_meta_feed&utm_campaign=freelistings",0
1b744948-b77e-40d6-94bd-3a252db86ea9,"Vellai Vaval / வெள்ளை வவ்வால்/ White Pomfret",0
32da4b30-3305-4bc7-b90d-48689f84cd4f,"Vellai Vaval / வெள்ளை வவ்வால்/ White Pomfret",0
36fa44b8-9aad-496d-a4d2-db8ca69aae89,"Vellai Vaval / வெள்ளை வவ்வால்/ White Pomfret",0
3c3a63d5-3ca5-4166-b960-f6fa02676bb9,"Vellai Vaval / வெள்ளை வவ்வால்/ White Pomfret",0
51fa6609-e544-486d-b4c7-91b01e3752d9,"Vellai Vaval / வெள்ளை வவ்வால்/ White Pomfret",0
8c6cfc9d-56f5-47cc-bfd8-c886921a9879,"Vellai Vaval / வெள்ளை வவ்வால்/ White Pomfret",0
94fac15e-9779-41d0-8f15-a4853ced5dd8,"Vellai Vaval / வெள்ளை வவ்வால்/ White Pomfret",0
9a44f6f6-8a8f-4e71-9e96-cef5c8e8ad4d,"Vellai Vaval / வெள்ளை வவ்வால்/ White Pomfret",0
b96de671-23a4-45fa-b76a-5dbd38afe02b,"Vellai Vaval / வெள்ளை வவ்வால்/ White Pomfret",0
bcae8712-8f2d-47c0-8e98-e77fb8bd734b,"Vellai Vaval / வெள்ளை வவ்வால்/ White Pomfret",0
cb4f39f5-7c9d-464d-b414-6910ff126afa,"Vellai Vaval / வெள்ளை வவ்வால்/ White Pomfret",0
d21d4966-4e4b-4940-b74e-b29500bad608,"Vellai Vaval / வெள்ளை வவ்வால்/ White Pomfret",0
d325a5e9-69d4-475f-95b8-327fdd9b719f,"Vellai Vaval / வெள்ளை வவ்வால்/ White Pomfret",0
e7d2ec45-da78-41f8-8e74-8fa2a186f99d,"Vellai Vaval / வெள்ளை வவ்வால்/ White Pomfret",0
fc8d49f8-e5d4-4817-8d77-d67415af4c62,"Vellai Vaval / வெள்ளை வவ்வால்/ White Pomfret",0
35dc01a6-b9cd-42a9-b51a-eecf70792434,"Ara Kola/கோலா வஞ்சரம்",0
Texture:Soft, flaky, and tender with a mild, pleasant seafood flavor.,"",0
Ara Kola Fishis a healthy seafood option rich in lean protein and essential nutrients.,"",0
Provides high-quality protein essential for muscle strength, tissue repair, and daily nutrition.,"",0
Contains beneficial Omega-3 fatty acids that help support cardiovascular wellness and overall health.,"",0
Naturally rich in Selenium, an important antioxidant mineral that supports immune function and protects cells from oxidative stress.,"",0
Supplies Phosphorus, which works alongside calcium to help maintain strong bones and healthy teeth.,"",0
Its moderate calorie and low-fat content make it an excellent option for balanced, nutritious meals.,"",0
Ara Kola Fishis perfect for traditional South Indian fish fry and light tamarind-based curries. Its delicate flesh absorbs marinades beautifully, especially blends made with chili powder, turmeric, garlic, and curry leaves. For the best texture, pan-fry on medium heat until the outer layer turns crisp while the inside remains juicy and flaky. It also works wonderfully in thin coconut milk curries where its mild flavor can shine without being overpowered.","https://www.meenzy.in/product-page/ara-kolaக-ல-வஞ-சரம?utm_source=facebook&utm_medium=wix_meta_feed&utm_campaign=freelistings",0
8a1cd3c8-a902-4c26-b073-3a6ef43903b8,"Ara Kola/கோலா வஞ்சரம்",0
aa49aa22-5928-4161-af30-f2a385bb8e34,"Ara Kola/கோலா வஞ்சரம்",0
d734dfbb-a6f1-4561-8bc5-efd6eeb68b98,"Ara Kola/கோலா வஞ்சரம்",0
437a144e-3f56-40c1-8596-41eea4e5f85d,"Tiger Prawn / வரி இறால்",0
Serving Size:Ideal for 2 to 3 people.,"",0
58ba0ecb-5de4-49e6-a9c2-00e572953b81,"Tiger Prawn / வரி இறால்",0
63ec4cc7-569b-4051-849f-3ca29d53eb22,"Tiger Prawn / வரி இறால்",0
69a56acd-8ff0-4614-a2da-fed6312aaa1f,"Tiger Prawn / வரி இறால்",0
711c6f3c-1048-411e-b9cb-99fb2a4f6a31,"Tiger Prawn / வரி இறால்",0
c6dc7b7d-b1bc-4254-9538-4dc932e24622,"Tiger Prawn / வரி இறால்",0
c9dc0e2b-556b-42c1-8b1c-3e9849cc8252,"Tiger Prawn / வரி இறால்",0
efb662bd-56b9-4c9d-b850-9238b30f37b2,"Tiger Prawn / வரி இறால்",0
09e56196-c804-486a-9f5d-0d17acd17788,"Sen Nagarai/செந்நகரை",0
Texture:Soft, light, and flaky with a clean, mild flavor profile.,"",0
Sen Nagarai is a highly nutritious, low-fat protein source packed with essential minerals.,"",0
Lean Muscle Support:An excellent source of high-quality protein that is very low in saturated fats, ideal for muscle maintenance.,"",0
Blood Health:Naturally rich in Iron, which helps maintain healthy hemoglobin levels and prevents anemia.,"",0
Bone & Teeth Health:Contains Phosphorus, an essential mineral that works with calcium to keep bones and teeth strong.,"",0
Weight Management:Its low calorie and fat content make it a perfect choice for those looking for a light, healthy seafood option.,"",0
Sen Nagarai is famous for its use in Meen Varuval(spicy fish fry). Its skin crisps up perfectly when pan-fried with a traditional chili and turmeric marinade. If you prefer gravy, it is best suited for a Thin, Tangy Coconut Currywhere its delicate flakes can absorb the aromatics without being overshadowed. Since it is a tender fish, add it to the curry in the final few minutes of cooking to ensure it stays intact!","https://www.meenzy.in/product-page/sen-nagaraiச-ந-நகர?utm_source=facebook&utm_medium=wix_meta_feed&utm_campaign=freelistings",0
75008be9-6ea4-4b91-91ac-46fe6bb9df68,"Sen Nagarai/செந்நகரை",0
adb6ffa6-382d-4d9b-a7d9-fd23379addfd,"Sen Nagarai/செந்நகரை",0
eb03d2af-d15c-431f-a6bf-da907f6b30a5,"Sen Nagarai/செந்நகரை",0
c54df02f-2604-4c84-8852-073147c6d07a,"Lobster/சிங்கி இறால்",0
Preparation:Freshly sourced, cleaned hygienically, and prepared for cooking. Available as Whole Cleaned, Halved, or Tail portions.,"",0
Texture:Juicy, tender, and meaty with a rich, naturally sweet seafood flavor.,"",0
Lobsteris a premium seafood choice rich in lean protein and essential nutrients.,"",0
Provides excellent protein essential for muscle growth, tissue repair, and overall body strength while remaining low in fat.,"",0
Rich in Zinc, an important mineral that helps support immune health and overall wellness.,"",0
Naturally high in Vitamin B12, which contributes to healthy nerve function and sustained energy production.,"",0
Contains beneficial Omega-3 fatty acids that support cardiovascular and brain health.,"",0
Its rich flavor and meaty texture make it a luxurious yet nutritious seafood option for special meals.,"",0
Lobsteris best enjoyed grilled with garlic butter, lightly seasoned with herbs, or cooked in rich coastal-style curries. To preserve its tender texture, avoid overcooking, as lobster meat cooks quickly and can become chewy. For maximum flavor, baste with butter, garlic, pepper, and lemon juice while grilling, and serve hot with fresh herbs or buttery sauces for a complete seafood feast.","https://www.meenzy.in/product-page/lobsterச-ங-க-இற-ல?utm_source=facebook&utm_medium=wix_meta_feed&utm_campaign=freelistings",0
5c0bb5c1-4da9-443f-a7fa-a2e14ff187b5,"Anchovy / Nethili - (𝗚𝗿𝗼𝘀𝘀: 𝟴𝟱𝟬𝗴, 𝗡𝗲𝘁: 𝟱𝟬𝟬𝗴)",0
6522cfea-8126-4f63-ae27-1c5a311f4d45,"Anchovy / Nethili - (𝗚𝗿𝗼𝘀𝘀: 𝟴𝟱𝟬𝗴, 𝗡𝗲𝘁: 𝟱𝟬𝟬𝗴)",0
889ee314-fbeb-4122-93a2-6acc911d8879,"Anchovy / Nethili - (𝗚𝗿𝗼𝘀𝘀: 𝟴𝟱𝟬𝗴, 𝗡𝗲𝘁: 𝟱𝟬𝟬𝗴)",0
8e48c505-4df3-4a56-a3af-82d4d9aae56c,"Anchovy / Nethili - (𝗚𝗿𝗼𝘀𝘀: 𝟴𝟱𝟬𝗴, 𝗡𝗲𝘁: 𝟱𝟬𝟬𝗴)",0
18494d82-1f94-416f-a5a9-a071e8a61d31,"Sankara / Red Snapper / சங்கரா மீன்   𝗡: 𝟱𝟬𝟬𝗴, 𝗚: 𝟳𝟱𝟬𝗴",0
Preparation:Sourced fresh, expertly descaled, and cleaned. Available as Whole Fish with Fry Cuts(perfect for deep frying) or as Cleaned Fillets.,"",0
2187ecf0-c0ed-43a0-9d6b-f0be01567e88,"Sankara / Red Snapper / சங்கரா மீன்   𝗡: 𝟱𝟬𝟬𝗴, 𝗚: 𝟳𝟱𝟬𝗴",0
24494f83-2a7d-452d-9853-43111a1dfc0a,"Sankara / Red Snapper / சங்கரா மீன்   𝗡: 𝟱𝟬𝟬𝗴, 𝗚: 𝟳𝟱𝟬𝗴",0
40e93aa0-6517-4bbc-b749-7c1d5b49e758,"Sankara / Red Snapper / சங்கரா மீன்   𝗡: 𝟱𝟬𝟬𝗴, 𝗚: 𝟳𝟱𝟬𝗴",0
6c0424d7-e537-49a9-930b-3ad0c7c5c42f,"Sankara / Red Snapper / சங்கரா மீன்   𝗡: 𝟱𝟬𝟬𝗴, 𝗚: 𝟳𝟱𝟬𝗴",0
a985e219-6e76-430c-b505-ef8db4e812df,"Sankara / Red Snapper / சங்கரா மீன்   𝗡: 𝟱𝟬𝟬𝗴, 𝗚: 𝟳𝟱𝟬𝗴",0
6b11c810-0f15-4dc2-997b-af943402a2ce,"Nandu/நண்டு",0
Preparation:Freshly sourced, thoroughly cleaned, and hygienically prepared. Available as Whole Cleaned or Cut & Cracked pieces for easy cooking.,"",0
Texture:Juicy, tender, and slightly firm with a naturally sweet seafood flavor.,"",0
Nanduis a nutritious seafood option rich in lean protein, minerals, and essential vitamins.,"",0
Provides high-quality protein essential for muscle maintenance, tissue repair, and overall body strength.,"",0
Naturally rich in Zinc, which helps strengthen the immune system and supports overall wellness.,"",0
Contains high levels of Vitamin B12 that help maintain healthy nerve function and support natural energy production.,"",0
Supplies beneficial Omega-3 fatty acids that contribute to cardiovascular and brain health.,"",0
Its sweet, flavorful meat makes it a wholesome and indulgent seafood choice for family meals.,"",0
Nanduis best enjoyed in spicy South Indian crab masala or traditional pepper crab preparations. Its naturally sweet meat pairs exceptionally well with bold flavors like black pepper, garlic, fennel, curry leaves, and shallots. Slow cooking in rich masala helps the crab absorb spices deeply while enhancing its signature coastal aroma. Serve hot with steamed rice, dosa, or parotta for an unforgettable seafood feast.","https://www.meenzy.in/product-page/nanduநண-ட?utm_source=facebook&utm_medium=wix_meta_feed&utm_campaign=freelistings",0
878e8927-4fe1-4706-8654-b84579a16e7e,"Nandu/நண்டு",0
a7350256-8cff-46d5-9b60-5dce7ad6d908,"Nandu/நண்டு",0
d1d09de3-937b-4295-b7ac-8d61e6333740,"Nandu/நண்டு",0
03827f4a-837b-4a71-b4a5-c6a47d44d9f4,"Panna / Croaker - ( 𝗚𝗿𝗼𝘀𝘀: 𝟳𝟱𝟬, 𝗡𝗲𝘁: 𝟱𝟬𝟬𝗴)",0
Protein:19g – 21g,"",0
Pieces:Approximately 12 – 20 pieces,"",0
Preparation:Freshly caught, cleaned, and descaled. Expertly cut into uniform curry pieces, making it ideal for traditional fish curries, gravies, and masala preparations.,"",0
Flavor Profile:Mild, delicate, and slightly sweet with a soft, flaky texture that readily absorbs spices and seasonings.,"",0
Panna is a lean and healthy seafood choice, offering a great balance of protein and essential minerals.,"",0
Lean Protein Source:High in protein but low in fat, making it an excellent choice for fitness-conscious individuals.,"",0
Heart & Blood Pressure Support:Rich in Potassium, which helps regulate blood pressure and supports overall cardiovascular health.,"",0
Metabolic Health:Provides Vitamin B12 and essential amino acids that help in energy production and tissue repair.,"",0
Low Calorie, High Nutrition:Delivers essential nutrients without a high caloric load, perfect for a light yet satisfying dinner.,"",0
Panna is a champion of the Deep Fryor Tawa Fry—its skin crisps up beautifully while the inside remains juicy. It also holds up very well in Tamarind-based South Indian Curries. For an extra burst of flavor, marinate the fish with a touch of ginger-garlic paste and lemon juice for 20 minutes before cooking to enhance its natural sweetness.","https://www.meenzy.in/product-page/pannaபன-ன-ம-ன?utm_source=facebook&utm_medium=wix_meta_feed&utm_campaign=freelistings",0
9de76a70-9bab-4886-9e5a-813f0db07a68,"Panna / Croaker - ( 𝗚𝗿𝗼𝘀𝘀: 𝟳𝟱𝟬, 𝗡𝗲𝘁: 𝟱𝟬𝟬𝗴)",0
b349fc0f-4556-4f4c-b2bb-197de9d11227,"Panna / Croaker - ( 𝗚𝗿𝗼𝘀𝘀: 𝟳𝟱𝟬, 𝗡𝗲𝘁: 𝟱𝟬𝟬𝗴)",0
d1f96eee-8689-480a-88fd-3c72ca25636e,"Panna / Croaker - ( 𝗚𝗿𝗼𝘀𝘀: 𝟳𝟱𝟬, 𝗡𝗲𝘁: 𝟱𝟬𝟬𝗴)",0
3a0a18bb-6b78-40fb-a9c5-670953e03086,"White Prawn /  இறால் /  (𝗡: 𝟱𝟬𝟬𝗴, 𝗚: 𝟴𝟬𝟬𝗴)",0
46468387-0155-4f54-8cd1-397f2fabdef5,"White Prawn /  இறால் /  (𝗡: 𝟱𝟬𝟬𝗴, 𝗚: 𝟴𝟬𝟬𝗴)",0
47db1330-b368-4b79-b6dc-9278b9105475,"White Prawn /  இறால் /  (𝗡: 𝟱𝟬𝟬𝗴, 𝗚: 𝟴𝟬𝟬𝗴)",0
56283cdc-05c8-46c9-a978-c0af7cf19b23,"White Prawn /  இறால் /  (𝗡: 𝟱𝟬𝟬𝗴, 𝗚: 𝟴𝟬𝟬𝗴)",0
8b3aae22-02e7-47e0-a10c-c73780cca881,"White Prawn /  இறால் /  (𝗡: 𝟱𝟬𝟬𝗴, 𝗚: 𝟴𝟬𝟬𝗴)",0
b8ba1cec-f549-4d26-b60d-40c4984bbb32,"White Prawn /  இறால் /  (𝗡: 𝟱𝟬𝟬𝗴, 𝗚: 𝟴𝟬𝟬𝗴)",0
d17eb522-6abf-4c81-9396-b7a2f8377c3a,"White Prawn /  இறால் /  (𝗡: 𝟱𝟬𝟬𝗴, 𝗚: 𝟴𝟬𝟬𝗴)",0
f65ccd1c-25a1-4ca8-b350-dea89848b120,"White Prawn /  இறால் /  (𝗡: 𝟱𝟬𝟬𝗴, 𝗚: 𝟴𝟬𝟬𝗴)",0
119e9246-625c-4bb6-b268-c686b723639f,"Sura fish / Milk Shark - (𝗚𝗿𝗼𝘀𝘀: 𝟳𝟱𝟬𝗴, 𝗡𝗲𝘁: 𝟱𝟬𝟬𝗴)",0
Serving Size:Slices (5-10 Pieces),"",0
Preparation:Freshly sourced, skin removed, thoroughly cleaned, and ready to cook. Available as Boneless Cubes or Thick Cut Pieces.,"",0
Texture:Firm, dense, and meaty with a mildly strong, savory flavor.,"",0
Bold in flavor and firm in texture, Sura fish (Shark)is a traditional coastal favorite known for its dense, meaty flesh. Popular in South Indian cuisine, it is especially valued for dishes like Sura Puttu and spicy masala preparations. Freshly sourced and carefully cleaned, our Sura fish delivers authentic taste and premium quality.,"",0
Sura fish is protein-rich and provides essential nutrients that support overall health.,"",0
High-Quality Protein:Supports muscle repair, growth, and overall strength.,"",0
Energy & Nerve Support:Rich in Vitamin B12, essential for red blood cell production and nervous system health.,"",0
Metabolic & Immune Support:Contains selenium, which helps protect cells from oxidative stress.,"",0
Filling & Satisfying:Dense, meaty texture makes it a hearty seafood option that keeps you full longer.,"",0
Sura is best enjoyed in a traditional Sura Puttu(shredded shark stir-fry with spices, green chilies, and fresh coconut) or cooked in a Spicy South Indian Masala Gravy. Slow cooking or steaming before shredding enhances its flavor and ensures a tender, melt-in-the-mouth texture.","https://www.meenzy.in/product-page/sura-fishப-ல-ச-ற-ம-ன?utm_source=facebook&utm_medium=wix_meta_feed&utm_campaign=freelistings",0
f53eca79-ec28-4bb9-9083-991fc57f572a,"Sura fish / Milk Shark - (𝗚𝗿𝗼𝘀𝘀: 𝟳𝟱𝟬𝗴, 𝗡𝗲𝘁: 𝟱𝟬𝟬𝗴)",0
072512fa-7654-4ed4-803a-e07c3d84834f,"Vanjaram / வஞ்சரம் / Seer Fish",0
Preparation:Freshly sourced, cleaned, and sliced into perfect Center-Cut Steaksor Boneless Fillets.,"",0
Texture:Firm, dense, and oily in a way that provides a rich, buttery mouthfeel. It features a single central bone, making it easy to eat.,"",0
0a8461d9-3e4f-4354-9574-fe605d4b07c5,"Vanjaram / வஞ்சரம் / Seer Fish",0
1276e2d5-9737-4e38-837e-4152136d6797,"Vanjaram / வஞ்சரம் / Seer Fish",0
3ebfab7d-abad-4090-a8c4-453017e51041,"Vanjaram / வஞ்சரம் / Seer Fish",0
5a31d364-4b7b-4cb9-91b2-e54c30dc1054,"Vanjaram / வஞ்சரம் / Seer Fish",0
930b845c-7b56-4148-8ea0-b33ef1f87dc0,"Vanjaram / வஞ்சரம் / Seer Fish",0
98a9b259-49a7-44d5-82f9-2dd60b483e00,"Vanjaram / வஞ்சரம் / Seer Fish",0
d7226074-9329-436e-b88d-365639a5276a,"Vanjaram / வஞ்சரம் / Seer Fish",0
e64614eb-2092-46a6-9bcc-c14b7da7761f,"Vanjaram / வஞ்சரம் / Seer Fish",0
fe7efa6a-992c-4688-b800-a1ce246d93f5,"Vanjaram / வஞ்சரம் / Seer Fish",0
0b7d4151-0fc2-4b86-a4cb-125ff5759f54,"Black Pomfret / Karu Vaval - (𝗚𝗿𝗼𝘀𝘀: 𝟳𝟱𝟬𝗴, 𝗡𝗲𝘁: 𝟱𝟬𝟬𝗴)",0
Medium - Cubes (N: 500g, G: 750)  (8-15 Pcs),"",0
Medium - Whole 1 Pc (N: 450 - 600g, G: 650-800),"",0
Small - Slice (N: 500g, G: 750) (10-18 Pcs),"",0
Small - Cubes (N: 500g, G: 750) (12 -18 pcs),"",0
Small - Whole, 2 pcs (N: 450 - 600g, G: 650-800),"",0
Large - Slice (N: 800g, G: 1150) (10 - 18 pcs),"",0
Large - Cubes (N: 800g, G:1150)(15 - 25 pcs),"",0
Preparation:Freshly caught and thoroughly cleaned. Available as Whole Fish with deep Fry Cuts—specially sliced to ensure spices reach the bone during cooking.,"",0
0c1753da-1b82-4b89-95ba-af44bcb1c6cf,"Black Pomfret / Karu Vaval - (𝗚𝗿𝗼𝘀𝘀: 𝟳𝟱𝟬𝗴, 𝗡𝗲𝘁: 𝟱𝟬𝟬𝗴)",0
2a5366e8-b3f3-4a12-a28b-19d29e0121e0,"Black Pomfret / Karu Vaval - (𝗚𝗿𝗼𝘀𝘀: 𝟳𝟱𝟬𝗴, 𝗡𝗲𝘁: 𝟱𝟬𝟬𝗴)",0
2a7974f4-81b7-4266-9a70-8b3c05825d26,"Black Pomfret / Karu Vaval - (𝗚𝗿𝗼𝘀𝘀: 𝟳𝟱𝟬𝗴, 𝗡𝗲𝘁: 𝟱𝟬𝟬𝗴)",0
2c6e97f1-b105-4252-8d51-fa85dc2cca3c,"Black Pomfret / Karu Vaval - (𝗚𝗿𝗼𝘀𝘀: 𝟳𝟱𝟬𝗴, 𝗡𝗲𝘁: 𝟱𝟬𝟬𝗴)",0
4d2071b9-dc72-42b8-a338-4b74a7e63723,"Black Pomfret / Karu Vaval - (𝗚𝗿𝗼𝘀𝘀: 𝟳𝟱𝟬𝗴, 𝗡𝗲𝘁: 𝟱𝟬𝟬𝗴)",0
534210c2-284e-4f40-85e9-a2da4216519c,"Black Pomfret / Karu Vaval - (𝗚𝗿𝗼𝘀𝘀: 𝟳𝟱𝟬𝗴, 𝗡𝗲𝘁: 𝟱𝟬𝟬𝗴)",0
808b7df5-8237-4297-ac87-0a4626bf619d,"Black Pomfret / Karu Vaval - (𝗚𝗿𝗼𝘀𝘀: 𝟳𝟱𝟬𝗴, 𝗡𝗲𝘁: 𝟱𝟬𝟬𝗴)",0
81b51cf8-60e1-47d9-8a52-5088f7a9757f,"Black Pomfret / Karu Vaval - (𝗚𝗿𝗼𝘀𝘀: 𝟳𝟱𝟬𝗴, 𝗡𝗲𝘁: 𝟱𝟬𝟬𝗴)",0
b043521f-8b99-4843-a7ed-294874c9ba27,"Black Pomfret / Karu Vaval - (𝗚𝗿𝗼𝘀𝘀: 𝟳𝟱𝟬𝗴, 𝗡𝗲𝘁: 𝟱𝟬𝟬𝗴)",0
bcf9f2d4-bffe-421d-8e2c-a90134690cb0,"Black Pomfret / Karu Vaval - (𝗚𝗿𝗼𝘀𝘀: 𝟳𝟱𝟬𝗴, 𝗡𝗲𝘁: 𝟱𝟬𝟬𝗴)",0
c4077ef6-420b-4c7e-b940-193f4df875a5,"Black Pomfret / Karu Vaval - (𝗚𝗿𝗼𝘀𝘀: 𝟳𝟱𝟬𝗴, 𝗡𝗲𝘁: 𝟱𝟬𝟬𝗴)",0
e1fcb99d-d3fd-442c-a3b2-88e879ad229e,"Black Pomfret / Karu Vaval - (𝗚𝗿𝗼𝘀𝘀: 𝟳𝟱𝟬𝗴, 𝗡𝗲𝘁: 𝟱𝟬𝟬𝗴)",0
f8767f3d-8478-4b59-813b-497f7e21c6e7,"Black Pomfret / Karu Vaval - (𝗚𝗿𝗼𝘀𝘀: 𝟳𝟱𝟬𝗴, 𝗡𝗲𝘁: 𝟱𝟬𝟬𝗴)",0
4e00d253-44a5-4aeb-b947-1a5d38281255,"Leather Jacket/தோல் கிளாத்தி",0
Preparation:Freshly sourced, cleaned thoroughly, and professionally prepared. Available as Skinless Curry Cut or Whole Cleaned pieces.,"",0
Texture:Firm, flaky, and juicy with a mild yet rich seafood flavor.,"",0
Leather Jacket Fishis a nutritious seafood option packed with lean protein and essential minerals.,"",0
Rich in high-quality protein that supports muscle maintenance, recovery, and overall body strength.,"",0
Contains beneficial Omega-3 fatty acids that contribute to cardiovascular and cognitive health.,"",0
Naturally high in Vitamin B12, helping support healthy nerve function and energy production.,"",0
Low in fat while still offering a satisfying, meaty texture ideal for balanced meals.,"",0
Its firm flesh holds shape well during cooking, making it suitable for a wide variety of traditional and modern seafood dishes.,"",0
Leather Jacket Fishis excellent for spicy South Indian fish fry and pepper-based coastal curries. Its firm texture absorbs marinades beautifully without breaking apart during cooking. For best results, marinate with turmeric, chili powder, black pepper, ginger-garlic paste, and lemon juice before shallow frying until golden and crisp. It also works wonderfully in smoky grilled preparations served with fresh herbs and lime.","https://www.meenzy.in/product-page/leather-jacketத-ல-க-ள-த-த?utm_source=facebook&utm_medium=wix_meta_feed&utm_campaign=freelistings",0
6a54c28e-45ae-4d52-81cf-b64ca478d8d5,"Leather Jacket/தோல் கிளாத்தி",0
8cfd6ecb-abcb-4e42-aad9-bffbe1102d0c,"Leather Jacket/தோல் கிளாத்தி",0
ecfb3f65-e345-4e34-b701-4f8a8f4e3b21,"Leather Jacket/தோல் கிளாத்தி",0
f216da89-9911-4356-9153-059b4c314c32,"Leather Jacket/தோல் கிளாத்தி",0
fabe422d-da9f-4977-acc2-4f14db368f54,"Leather Jacket/தோல் கிளாத்தி",0
0a038961-13d5-47d0-9e88-1ff33f3f19c5,"kanava / Squid / Kadamba - (𝗚𝗿𝗼𝘀𝘀: 𝟳𝟱𝟬𝗴, 𝗡𝗲𝘁: 𝟱𝟬𝟬𝗴)",0
Rings with head (Net: 500g, Gross: 700),"",0
Rings without head (Net: 500g, Gross: 900),"",0
Tubes with head (Net: 500g, Gross: 700),"",0
Tubes without head (Net: 500g, Gross: 900),"",0
Preparation:Freshly sourced, thoroughly cleaned, and ready to cook. Available as Whole Cleaned Squidor Pre-cut Rings & Tentaclesfor convenience.,"",0
Texture:Tender, mildly sweet, and slightly firm when cooked properly.,"",0
2187fcb6-9f7f-40c8-9632-24866b7cca89,"kanava / Squid / Kadamba - (𝗚𝗿𝗼𝘀𝘀: 𝟳𝟱𝟬𝗴, 𝗡𝗲𝘁: 𝟱𝟬𝟬𝗴)",0
2c8a8b44-2695-4811-acb3-a0e8b8a4171a,"kanava / Squid / Kadamba - (𝗚𝗿𝗼𝘀𝘀: 𝟳𝟱𝟬𝗴, 𝗡𝗲𝘁: 𝟱𝟬𝟬𝗴)",0
3515e4c8-73aa-497b-b4c4-3107d6989387,"kanava / Squid / Kadamba - (𝗚𝗿𝗼𝘀𝘀: 𝟳𝟱𝟬𝗴, 𝗡𝗲𝘁: 𝟱𝟬𝟬𝗴)",0
35f9180f-1ff0-4841-9e7e-24927de38c14,"kanava / Squid / Kadamba - (𝗚𝗿𝗼𝘀𝘀: 𝟳𝟱𝟬𝗴, 𝗡𝗲𝘁: 𝟱𝟬𝟬𝗴)",0
3b4783da-ffe2-4768-8ee6-1c01effe5e90,"kanava / Squid / Kadamba - (𝗚𝗿𝗼𝘀𝘀: 𝟳𝟱𝟬𝗴, 𝗡𝗲𝘁: 𝟱𝟬𝟬𝗴)",0
3c8ba56c-8aba-44be-afb8-564e2b45309b,"kanava / Squid / Kadamba - (𝗚𝗿𝗼𝘀𝘀: 𝟳𝟱𝟬𝗴, 𝗡𝗲𝘁: 𝟱𝟬𝟬𝗴)",0
47af5350-3771-4c06-9f67-f92a3e90adcd,"kanava / Squid / Kadamba - (𝗚𝗿𝗼𝘀𝘀: 𝟳𝟱𝟬𝗴, 𝗡𝗲𝘁: 𝟱𝟬𝟬𝗴)",0
5a6eb371-4f71-4a20-930b-dcf0a35df5ce,"kanava / Squid / Kadamba - (𝗚𝗿𝗼𝘀𝘀: 𝟳𝟱𝟬𝗴, 𝗡𝗲𝘁: 𝟱𝟬𝟬𝗴)",0
68ecdb87-b33f-4aec-845b-a0d9377ba76d,"kanava / Squid / Kadamba - (𝗚𝗿𝗼𝘀𝘀: 𝟳𝟱𝟬𝗴, 𝗡𝗲𝘁: 𝟱𝟬𝟬𝗴)",0
9b5fff27-79ab-484f-8851-75a744c8f83e,"kanava / Squid / Kadamba - (𝗚𝗿𝗼𝘀𝘀: 𝟳𝟱𝟬𝗴, 𝗡𝗲𝘁: 𝟱𝟬𝟬𝗴)",0
a10536e4-9c3b-4c69-b716-be1aaef0775b,"kanava / Squid / Kadamba - (𝗚𝗿𝗼𝘀𝘀: 𝟳𝟱𝟬𝗴, 𝗡𝗲𝘁: 𝟱𝟬𝟬𝗴)",0
c5d4544b-b4eb-40f6-9c00-58c6b8ffd04e,"kanava / Squid / Kadamba - (𝗚𝗿𝗼𝘀𝘀: 𝟳𝟱𝟬𝗴, 𝗡𝗲𝘁: 𝟱𝟬𝟬𝗴)",0
c6931dea-134c-475a-ae06-5cae04f6765b,"kanava / Squid / Kadamba - (𝗚𝗿𝗼𝘀𝘀: 𝟳𝟱𝟬𝗴, 𝗡𝗲𝘁: 𝟱𝟬𝟬𝗴)",0
e4f0b2ae-e2ee-45fa-a694-21681abccd86,"kanava / Squid / Kadamba - (𝗚𝗿𝗼𝘀𝘀: 𝟳𝟱𝟬𝗴, 𝗡𝗲𝘁: 𝟱𝟬𝟬𝗴)",0
f871febf-1afd-4d3c-bf35-2c9b83a99c96,"kanava / Squid / Kadamba - (𝗚𝗿𝗼𝘀𝘀: 𝟳𝟱𝟬𝗴, 𝗡𝗲𝘁: 𝟱𝟬𝟬𝗴)",0
0a7c0dc6-5167-4273-85e7-be793f8c9857,"Kadal Veraal / Cobia - (𝗚𝗿𝗼𝘀𝘀: 𝟴𝟱𝟬𝗴, 𝗡𝗲𝘁: 𝟱𝟬𝟬𝗴)",0
41b82abd-0d44-484e-ba2c-fd68d8dd9d1c,"Kadal Veraal / Cobia - (𝗚𝗿𝗼𝘀𝘀: 𝟴𝟱𝟬𝗴, 𝗡𝗲𝘁: 𝟱𝟬𝟬𝗴)",0
64bfc679-168c-40a5-8a58-7b2770d7e638,"Kadal Veraal / Cobia - (𝗚𝗿𝗼𝘀𝘀: 𝟴𝟱𝟬𝗴, 𝗡𝗲𝘁: 𝟱𝟬𝟬𝗴)",0
7c18e45f-ce69-4146-bd0c-09aba025cf39,"Kadal Veraal / Cobia - (𝗚𝗿𝗼𝘀𝘀: 𝟴𝟱𝟬𝗴, 𝗡𝗲𝘁: 𝟱𝟬𝟬𝗴)",0
d6ffc964-5834-47c5-9ecf-f6676f0ed110,"Kadal Veraal / Cobia - (𝗚𝗿𝗼𝘀𝘀: 𝟴𝟱𝟬𝗴, 𝗡𝗲𝘁: 𝟱𝟬𝟬𝗴)",0
f34bfcb9-f61a-4ee8-9a0c-4331cefc88a5,"Kadal Veraal / Cobia - (𝗚𝗿𝗼𝘀𝘀: 𝟴𝟱𝟬𝗴, 𝗡𝗲𝘁: 𝟱𝟬𝟬𝗴)",0
bc09a2c1-b784-48c0-9fbb-c9b2846dcf7e,"Vellai Vaval / White Pomfret / வெள்ளை வவ்வால் / Whole (200-350g)",0
Net Weight:200-350g,"",0
Gross Weight:450g,"",0
Serving Size:Single fish (Whole Cleaned),"",0
Highly prized for its delicate texture and subtly sweet flavor, White Pomfret (Vellai Vaval)is considered the ""King of Fish"" in many coastal regions. Its buttery, white flesh and minimal bone structure make it a top-tier choice for gourmet seafood lovers. Freshly sourced and handled with care, our White Pomfret ensures a melt-in-the-mouth experience with every bite.,"",0
392047e5-b2b0-4c07-9b35-64ba8b5fcac6,"Kendal(கெண்டல் மீன்)/Rozy Snapper",0
Preparation:Freshly sourced, descaled, thoroughly cleaned, and ready to cook. Available as Whole Cleaned or Neat Curry Cut pieces.,"",0
Texture:Lean, moist, and tender with a mild, sweet flavor profile.,"",0
Kendal fish is a lean source of protein, offering a clean nutritional profile ideal for a balanced diet.,"",0
Lean Muscle Support:Packed with high-quality protein while remaining low in saturated fats.,"",0
Bone & Skin Health:Provides essential minerals and Vitamin D that contribute to bone strength and glowing skin.,"",0
Light & Easy to Digest:Its low-fat content makes it a nutritious, guilt-free meal option that doesn't feel heavy.,"",0
Kendal fish is best prepared as a Meen Varuval(crispy spice-rubbed fry) or simmered in a Tangy Tamarind Gravy. Because the flesh is more delicate than shark, avoid overcooking—sear it quickly over medium heat to lock in its natural juices and sweetness.","https://www.meenzy.in/product-page/kendalக-ண-டல-ம-ன-rozy-snapper?utm_source=facebook&utm_medium=wix_meta_feed&utm_campaign=freelistings",0
3c40e55e-dcfa-4ab7-ae80-6f96c15d83ce,"Kendal(கெண்டல் மீன்)/Rozy Snapper",0
4025d7d5-b00e-4268-bbef-dc6210f80225,"Kendal(கெண்டல் மீன்)/Rozy Snapper",0
6d4e8ac7-d54e-4f09-842f-20a5c2751621,"Kendal(கெண்டல் மீன்)/Rozy Snapper",0
720c2f9f-06c8-4f97-8987-315cbe269dd7,"Kendal(கெண்டல் மீன்)/Rozy Snapper",0
e7c09217-86a1-4d08-8ddf-cfd9f6880ba0,"Kendal(கெண்டல் மீன்)/Rozy Snapper",0
0aa0adb3-ca7a-41a6-850d-5bf6bc8b5e30,"Koduva Fish / Barramundi - (𝗚𝗿𝗼𝘀𝘀: 𝟳𝟱𝟬𝗴, 𝗡𝗲𝘁: 𝟱𝟬𝟬𝗴)",0
Gross Weight :600g,"",0
Serving Size:Cubes (N: 350, G: 600), Slices (N: 500g, G: 750) ,Fillet Boneless (N: 350 - 400g, G: 750),"",0
0f237a68-a6ed-4264-924e-aa8df89a47dd,"Koduva Fish / Barramundi - (𝗚𝗿𝗼𝘀𝘀: 𝟳𝟱𝟬𝗴, 𝗡𝗲𝘁: 𝟱𝟬𝟬𝗴)",0
25721768-7d62-4473-94de-5a2a37da45cf,"Koduva Fish / Barramundi - (𝗚𝗿𝗼𝘀𝘀: 𝟳𝟱𝟬𝗴, 𝗡𝗲𝘁: 𝟱𝟬𝟬𝗴)",0
9130a41b-4ffb-482e-91d0-d4a38a6af251,"Koduva Fish / Barramundi - (𝗚𝗿𝗼𝘀𝘀: 𝟳𝟱𝟬𝗴, 𝗡𝗲𝘁: 𝟱𝟬𝟬𝗴)",0
b98bfc3d-8b5b-45a5-b2b9-24b3a87b2438,"Koduva Fish / Barramundi - (𝗚𝗿𝗼𝘀𝘀: 𝟳𝟱𝟬𝗴, 𝗡𝗲𝘁: 𝟱𝟬𝟬𝗴)",0
c863a856-0364-4f48-8a2b-9243112d87d6,"Koduva Fish / Barramundi - (𝗚𝗿𝗼𝘀𝘀: 𝟳𝟱𝟬𝗴, 𝗡𝗲𝘁: 𝟱𝟬𝟬𝗴)",0
cc263dbd-e57a-414f-865a-5cc1d1b8ee22,"Koduva Fish / Barramundi - (𝗚𝗿𝗼𝘀𝘀: 𝟳𝟱𝟬𝗴, 𝗡𝗲𝘁: 𝟱𝟬𝟬𝗴)",0
f4ea7b3c-86bc-45cc-86f1-6f2052e47c41,"Koduva Fish / Barramundi - (𝗚𝗿𝗼𝘀𝘀: 𝟳𝟱𝟬𝗴, 𝗡𝗲𝘁: 𝟱𝟬𝟬𝗴)",0
0096db58-b8f7-4cca-abb6-8ad1aa88cdd6,"Kannadi Paara/கண்ணாடிப் பாறை",0
Texture:Soft, flaky, and tender with a mild, clean seafood flavor.,"",0
Kannadi Paara Fishis a nutritious seafood option rich in lean protein and essential nutrients.,"",0
Provides high-quality protein essential for muscle maintenance, repair, and overall wellness.,"",0
Contains beneficial Omega-3 fatty acids that help support cardiovascular health.,"",0
Naturally contains Calcium and other essential minerals that contribute to healthy bones and teeth.,"",0
Its soft texture and mild flavor make it a suitable seafood choice for all age groups.,"",0
Low in fat while still being flavorful and satisfying for wholesome daily meals.,"",0
Kannadi Paara Fishis especially delicious when prepared as a crispy shallow fry with chili, turmeric, and pepper-based marinades. Its delicate flesh also works beautifully in light tamarind or coconut-based curries where the subtle seafood flavor can truly shine. Since the meat is tender, cook gently over medium heat to keep the pieces intact and juicy.","https://www.meenzy.in/product-page/kannadi-paaraகண-ண-ட-ப-ப-ற?utm_source=facebook&utm_medium=wix_meta_feed&utm_campaign=freelistings",0
184851ce-8016-48fc-87e3-698960eae4f8,"Kannadi Paara/கண்ணாடிப் பாறை",0
1848eda6-9e3a-4cf0-aa68-eea1d585a0d9,"Kannadi Paara/கண்ணாடிப் பாறை",0
62cc67d2-7773-49f2-9d69-8ca457897f5d,"Kannadi Paara/கண்ணாடிப் பாறை",0
6b1a2b1e-8aa8-412b-ba4d-e76a1f64fea4,"Kannadi Paara/கண்ணாடிப் பாறை",0
8fb9e9b4-c342-4a1c-9569-dd837bd936e6,"Kannadi Paara/கண்ணாடிப் பாறை",0
b12229ce-040f-4001-9194-f40fe150d152,"Kannadi Paara/கண்ணாடிப் பாறை",0
d9e8a0fd-e640-46a9-9c6d-981b909d07eb,"Kannadi Paara/கண்ணாடிப் பாறை",0
70b67d84-cfa0-4c28-ad27-89ce3ff4f6f6,"Paal Kendai/பால் கெண்டை",0
Texture:Firm, moist, and tender with a characteristic rich and creamy flavor.,"",0
Paal Kendai is highly nutritious, offering a balance of high-quality proteins and healthy fats.,"",0
Brain & Heart Support:Packed with Omega-3 fatty acids, which are essential for cardiovascular health and maintaining sharp cognitive function.,"",0
Rich in Essential Vitamins:High in Vitamin B12, supporting nerve health and the production of red blood cells.,"",0
High-Quality Protein:Excellent for muscle repair and long-lasting energy throughout the day.,"",0
Antioxidant Properties:Contains selenium, which helps protect the body’s cells from damage and supports a healthy immune system.,"",0
Paal Kendai is incredibly versatile but truly shines in a Paal Kendai Kuzhambu(a rich, spiced gravy) or when Slow-Bakedwith a coat of local spices. Because of its natural richness, it pairs beautifully with acidic ingredients like tamarind or lemon, which cut through the creaminess to create a perfectly balanced dish. Ensure it is cooked just until the flesh turns opaque to maintain its signature moisture.","https://www.meenzy.in/product-page/paal-kendaiப-ல-க-ண-ட?utm_source=facebook&utm_medium=wix_meta_feed&utm_campaign=freelistings",0
7ef494be-5a43-45c6-9b7e-3246ec0b61ec,"Paal Kendai/பால் கெண்டை",0
886f1ae9-e7bf-4168-a645-92a14d475ab4,"Paal Kendai/பால் கெண்டை",0
9df99a83-fff7-43c8-a042-bf06e6040ff9,"Paal Kendai/பால் கெண்டை",0
bbe88c2e-e000-404f-bab9-ff41806a023b,"Kanangeluthi /Mackerel / Ayala - (𝗚𝗿𝗼𝘀𝘀: 𝟳𝟱𝟬𝗴, 𝗡𝗲𝘁: 𝟱𝟬𝟬𝗴)",0
Serving Size:Curry Cut - (10-16 Pieces) Whole - (5-8 pcs)  .,"",0
c1398e63-3914-4e2c-8da0-47070a63cfa7,"Kanangeluthi /Mackerel / Ayala - (𝗚𝗿𝗼𝘀𝘀: 𝟳𝟱𝟬𝗴, 𝗡𝗲𝘁: 𝟱𝟬𝟬𝗴)",0
2422a4e2-157a-4472-acc0-5b7fd3a191fb,"Kanangeluthi /Mackerel / Ayala - (𝗚𝗿𝗼𝘀𝘀: 𝟳𝟱𝟬𝗴, 𝗡𝗲𝘁: 𝟱𝟬𝟬𝗴)",0
3c40a664-5803-4c88-b9df-9b1d4647d912,"Kanangeluthi /Mackerel / Ayala - (𝗚𝗿𝗼𝘀𝘀: 𝟳𝟱𝟬𝗴, 𝗡𝗲𝘁: 𝟱𝟬𝟬𝗴)",0
54bbc8a3-dfb2-48b3-8574-7895bcfe5357,"Kanangeluthi /Mackerel / Ayala - (𝗚𝗿𝗼𝘀𝘀: 𝟳𝟱𝟬𝗴, 𝗡𝗲𝘁: 𝟱𝟬𝟬𝗴)",0
6b6009ec-f995-4d53-8531-d79cab7ae14e,"Kanangeluthi /Mackerel / Ayala - (𝗚𝗿𝗼𝘀𝘀: 𝟳𝟱𝟬𝗴, 𝗡𝗲𝘁: 𝟱𝟬𝟬𝗴)",0
bbb565f3-a9b4-420a-8d28-045705b05af6,"Koduva Fish / Barramundi - Cubes(𝗚𝗿𝗼𝘀𝘀: 𝟲𝟬𝟬𝗴, 𝗡𝗲𝘁: 𝟯𝟱𝟬𝗴)",0
Serving Size:Cubes (N: 350g, G: 600),"",0
0cec2cf9-a551-42d7-a592-a28f5d29111b,"Tuna (Yellow Fin) / kera/சூரை/கெரா",0
Cut Types:Available as Steaks (Fry Cuts)or Curry Cuts.,"",0
6986d80a-cbc0-4725-83b2-aea9605d3027,"Tuna (Yellow Fin) / kera/சூரை/கெரா",0
6b600e91-b073-47ee-8476-b0050faba4b1,"Tuna (Yellow Fin) / kera/சூரை/கெரா",0
7cc7da02-e8f7-443c-8da5-e476a39db5ab,"Tuna (Yellow Fin) / kera/சூரை/கெரா",0
7d674dd7-5721-4fc5-b3ee-3a62aa136dbc,"Tuna (Yellow Fin) / kera/சூரை/கெரா",0
d70a40e7-763c-4687-a1c0-4a13c0e240f3,"Tuna (Yellow Fin) / kera/சூரை/கெரா",0
de4e8d79-0c59-4118-be60-24e8bcf849d1,"Tuna (Yellow Fin) / kera/சூரை/கெரா",0
df028e96-b80b-4301-b42b-f9e778097447,"Tuna (Yellow Fin) / kera/சூரை/கெரா",0
343ee4d7-3990-4952-88f9-c5515721d7d0,"Sheela / Cheela / சீலா -  (𝗚𝗿𝗼𝘀𝘀: 𝟳𝟱𝟬𝗴, 𝗡𝗲𝘁: 𝟱𝟬𝟬𝗴)",0
93e6869d-9818-4cdf-9453-a2f2c92b247c,"Sheela / Cheela / சீலா -  (𝗚𝗿𝗼𝘀𝘀: 𝟳𝟱𝟬𝗴, 𝗡𝗲𝘁: 𝟱𝟬𝟬𝗴)",0
97b91cbe-9be6-4bd8-ae9d-bd34c7f965e7,"Sheela / Cheela / சீலா -  (𝗚𝗿𝗼𝘀𝘀: 𝟳𝟱𝟬𝗴, 𝗡𝗲𝘁: 𝟱𝟬𝟬𝗴)",0
afe3e76b-b72f-4493-8028-db2bd65f83c9,"Sheela / Cheela / சீலா -  (𝗚𝗿𝗼𝘀𝘀: 𝟳𝟱𝟬𝗴, 𝗡𝗲𝘁: 𝟱𝟬𝟬𝗴)",0
b1ad21a1-ac01-467f-9a8a-cf59f286071c,"Sheela / Cheela / சீலா -  (𝗚𝗿𝗼𝘀𝘀: 𝟳𝟱𝟬𝗴, 𝗡𝗲𝘁: 𝟱𝟬𝟬𝗴)",0
b475cc91-e324-4b04-88f9-07941efecb7b,"Sheela / Cheela / சீலா -  (𝗚𝗿𝗼𝘀𝘀: 𝟳𝟱𝟬𝗴, 𝗡𝗲𝘁: 𝟱𝟬𝟬𝗴)",0
b2f92597-cedf-4749-ae02-0c11461835a1,"Sen Nagarai / செந்நகரை / Whole (500g)",0
Serving Size: (4-8 Pcs)Ideal for 2 to 3 people,"",0
Widely loved for its vibrant appearance and mild, pleasant taste, Sen Nagarai(also known as Pink Perch or Red Mullet) is a coastal favorite in South India. It is easily distinguished by its bright pinkish-red skin and its tender, white meat. Known for its delicate texture and subtle sweetness, it is a versatile fish that appeals to both children and adults. Freshly sourced and cleaned with care, our Sen Nagarai is ready to be the star of your next home-cooked meal.,"",0
7ab9bafa-c57d-4477-bb62-7d0e76b6d6a7,"Naaku fish / Halibut - (𝗚𝗿𝗼𝘀𝘀: 𝟳𝟱𝟬𝗴, 𝗡𝗲𝘁: 𝟱𝟬𝟬𝗴)",0
Serving Size:Fillet Boneless(350 - 400g G: 850) ,Cubes (N: 500g, G: 750),"",0
b5e02571-9ab4-4880-b85d-7c0a863a3f25,"Naaku fish / Halibut - (𝗚𝗿𝗼𝘀𝘀: 𝟳𝟱𝟬𝗴, 𝗡𝗲𝘁: 𝟱𝟬𝟬𝗴)",0
bd8a27b2-9e89-4333-b23e-e07362faa752,"Naaku fish / Halibut - (𝗚𝗿𝗼𝘀𝘀: 𝟳𝟱𝟬𝗴, 𝗡𝗲𝘁: 𝟱𝟬𝟬𝗴)",0
ccaa2e30-40fe-4d0e-a9ca-6855d0bc7868,"Naaku fish / Halibut - (𝗚𝗿𝗼𝘀𝘀: 𝟳𝟱𝟬𝗴, 𝗡𝗲𝘁: 𝟱𝟬𝟬𝗴)",0
a2f6bfa1-7981-446a-b980-9b5ed2777176,"Sardine/Mathi/மத்தி/Kavala/Chala",0
Serving Size:Ideal for 1 to 2 people,"",0
c828cc3d-ed75-44e0-95a2-3feb7cf3b5ac,"Sardine/Mathi/மத்தி/Kavala/Chala",0
0b108631-6912-4c77-b083-1b594aa1d3cf,"Manja Paarai/மஞ்சள் பார்வை",0
Net Weight:500gServing Size:Ideal for 2 to 3 people,"",0
Preparation:Freshly sourced, expertly cleaned, and ready to cook. Available as Whole Cleaned Fish, Fry Cuts (steaks), or Boneless Fillets Texture:Firm, dense, and moist with a mildly rich, savory flavor.,"",0
Trevally is a protein-rich fish with balanced healthy fats, making it an excellent choice for a nutritious diet.,"",0
High in Lean Protein:Supports muscle growth, repair, and overall body strength.,"",0
Heart-Healthy Fats:Contains beneficial omega-3 fatty acids that support cardiovascular health.,"",0
Supports Bone Health:Provides Vitamin D, which helps maintain strong bones and improves calcium absorption.,"",0
Energy and Metabolism Support:Rich in essential minerals that help maintain energy levels and proper body function.,"",0
Trevally’s firm flesh holds its shape beautifully during cooking. Marinate the steaks in turmeric, chili, and lemonfor a crispy pan fry, or cook it in a tamarind-based South Indian fish curryfor a bold, traditional flavor.","https://www.meenzy.in/product-page/paaraiப-ர-வ?utm_source=facebook&utm_medium=wix_meta_feed&utm_campaign=freelistings",0
2a52054a-4ced-4ab5-8873-ea97de34bd6b,"Manja Paarai/மஞ்சள் பார்வை",0
34449282-84b4-4485-9104-580ffe48fe62,"Manja Paarai/மஞ்சள் பார்வை",0
64f86e0a-fed3-40fa-b147-1f752d1393de,"Manja Paarai/மஞ்சள் பார்வை",0
75a6c6a8-44b8-4c57-8472-fc386b3c2bb2,"Manja Paarai/மஞ்சள் பார்வை",0
84d28160-2002-4990-8911-ef3826654efd,"Manja Paarai/மஞ்சள் பார்வை",0
897bf8bc-1a20-4cf3-8b50-34355aa6e090,"Manja Paarai/மஞ்சள் பார்வை",0
fdfb5608-9ef1-4b3b-90f8-0e954e56a9b2,"Manja Paarai/மஞ்சள் பார்வை",0
516b5b42-22c0-4a39-b406-c66449a40493,"Indian Salmon / காலா மீன்",0
Preparation:Expertly cleaned,descaled,and de-gutted.Available as Steaks (Curry/Fry Cuts)or Boneless Fillets.,"",0
Texture:Firm,succulent,and moderately oily with a smooth,meaty flake.,"",0
Indian Salmon is a powerhouse of nutrition,famous for its high content of essential fatty acids.,"",0
Brain & Heart Health:One of the best local sources of Omega-3 fatty acids,which lower cholesterol and improve cognitive function.,"",0
Superior Protein:Provides all essential amino acids required for muscle repair and high energy levels throughout the day.,"",0
Skin & Bone Support:Naturally high in Vitamin D and Calcium,promoting stronger bones and healthy,hydrated skin.,"",0
Versatile Cooking:Its firm texture ensures the fish doesn't break easily,making it perfect for grilling,pan-frying,or traditional heavy-gravy curries.","https://www.meenzy.in/product-page/indian-salmon-க-ல-ம-ன?utm_source=facebook&utm_medium=wix_meta_feed&utm_campaign=freelistings",0
95422e94-03a8-47fb-ab8f-7a4d9350e6d4,"Indian Salmon / காலா மீன்",0
aa7f7f82-67a0-4b8d-88d1-a3ce4bd2456c,"Indian Salmon / காலா மீன்",0
cce98f6d-e9d9-4365-a896-6c7a6babcb1b,"Indian Salmon / காலா மீன்",0
dea7e860-cd62-41c9-9fd4-3e94e3d6e91c,"Indian Salmon / காலா மீன்",0
ff4e1133-e9d7-417b-8ee4-624bb06bfb68,"Indian Salmon / காலா மீன்",0
